,ID,style,clothing_categories,mix_clothing_categories,하의_색상,상의_색상,상의_소매기장,아우터_색상,아우터_소매기장,원피스_색상,원피스_소매기장,하의_서브색상,원피스_서브색상,아우터_서브색상,상의_서브색상
0,1070263,기타,"하의, 상의",3,화이트,화이트,7부소매,,,,,,,,
1,1092253,기타,"하의, 상의",3,베이지,그레이,반팔,,,,,,,,
2,1181014,기타,"아우터, 원피스, 상의",7,,베이지,긴팔,베이지,긴팔,베이지,없음,,,,
3,1181015,기타,"아우터, 원피스, 상의",7,,베이지,긴팔,베이지,긴팔,베이지,민소매,,,,
4,1181016,기타,"아우터, 하의, 원피스",8,베이지,,,그린,긴팔,베이지,없음,브라운,그레이,,
5,1181017,기타,"아우터, 하의, 원피스",8,베이지,,,그린,긴팔,베이지,없음,브라운,그레이,,
6,1181018,기타,"아우터, 하의, 원피스",8,베이지,,,그린,긴팔,베이지,없음,브라운,그레이,,
7,1181019,기타,"아우터, 원피스, 상의",7,,베이지,긴팔,베이지,긴팔,베이지,민소매,,,,
8,1181020,기타,"아우터, 하의, 상의",10,베이지,베이지,긴팔,베이지,긴팔,,,,,,
9,1181023,기타,"아우터, 하의, 상의",10,베이지,베이지,긴팔,베이지,긴팔,,,,,,
10,1181024,기타,"아우터, 상의",2,,베이지,긴팔,베이지,긴팔,,,,,,
11,1181025,기타,"아우터, 하의, 상의",10,베이지,베이지,긴팔,베이지,긴팔,,,,,,
12,1181043,기타,"아우터, 상의",2,,라벤더,긴팔,라벤더,긴팔,,,,,화이트,화이트
13,1181044,기타,"아우터, 하의, 상의",10,화이트,라벤더,긴팔,라벤더,긴팔,,,,,화이트,화이트
14,1181045,기타,"아우터, 상의",2,,라벤더,긴팔,라벤더,긴팔,,,,,화이트,화이트
15,1181046,기타,"아우터, 하의, 상의",10,화이트,라벤더,긴팔,라벤더,긴팔,,,,,화이트,화이트
16,1181047,기타,"아우터, 상의",2,,라벤더,긴팔,라벤더,긴팔,,,,,화이트,화이트
17,1181048,기타,"아우터, 하의, 상의",10,화이트,라벤더,긴팔,라벤더,긴팔,,,,,화이트,화이트
18,1181049,기타,"아우터, 상의",2,,라벤더,긴팔,라벤더,긴팔,,,,,화이트,화이트
19,1181050,기타,"아우터, 하의, 상의",10,블루,화이트,긴팔,화이트,긴팔,,,,,그레이,그레이
20,1181053,기타,"아우터, 상의",2,,화이트,긴팔,화이트,긴팔,,,,,그레이,그레이
21,1181054,기타,"아우터, 하의, 상의",10,블루,화이트,긴팔,화이트,긴팔,,,,,그레이,그레이
22,1181055,기타,"아우터, 상의",2,,화이트,긴팔,화이트,긴팔,,,,,그레이,그레이
23,1181056,기타,"아우터, 상의",2,,화이트,긴팔,화이트,긴팔,,,,,그레이,그레이
24,1181057,기타,"아우터, 상의",2,,화이트,긴팔,화이트,긴팔,,,,,그레이,그레이
25,1181058,기타,"아우터, 상의",2,,화이트,긴팔,화이트,긴팔,,,,,그레이,그레이
26,1181059,기타,"아우터, 상의",2,,화이트,긴팔,화이트,긴팔,,,,,그레이,그레이
27,1181100,기타,"아우터, 하의, 상의",10,화이트,화이트,긴팔,화이트,긴팔,,,,,네이비,네이비
28,1181103,기타,"아우터, 상의",2,,화이트,긴팔,화이트,긴팔,,,,,네이비,네이비
29,1181104,기타,"아우터, 하의, 상의",10,화이트,화이트,긴팔,화이트,긴팔,,,,,네이비,네이비
30,1181105,기타,"아우터, 하의, 상의",10,화이트,화이트,긴팔,화이트,긴팔,,,,,네이비,네이비
31,1181106,기타,"아우터, 상의",2,,화이트,긴팔,화이트,긴팔,,,,,네이비,네이비
32,1181107,기타,"아우터, 상의",2,,화이트,긴팔,화이트,긴팔,,,,,네이비,네이비
33,1181108,기타,"아우터, 상의",2,,화이트,긴팔,화이트,긴팔,,,,,네이비,네이비
34,1181109,기타,"아우터, 상의",2,,화이트,긴팔,화이트,긴팔,,,,,네이비,네이비
35,1181110,기타,"아우터, 상의",2,,화이트,긴팔,화이트,긴팔,,,,,네이비,네이비
36,1181129,기타,"아우터, 상의",2,,오렌지,7부소매,오렌지,7부소매,,,,,화이트,화이트
37,1181142,기타,"아우터, 하의, 상의",10,화이트,화이트,7부소매,네이비,7부소매,,,,,화이트,네이비
38,1181144,기타,"아우터, 하의, 상의",10,화이트,화이트,7부소매,네이비,7부소매,,,,,화이트,네이비
39,1181149,기타,"아우터, 하의, 상의",10,화이트,화이트,7부소매,네이비,7부소매,,,,,화이트,네이비
40,1181164,기타,"아우터, 하의, 상의",10,블루,화이트,7부소매,화이트,7부소매,,,,,그레이,그레이
41,1181165,기타,"아우터, 상의",2,,화이트,7부소매,화이트,7부소매,,,,,그레이,그레이
42,1181168,기타,"아우터, 원피스, 상의",7,,화이트,7부소매,화이트,7부소매,화이트,7부소매,,,그레이,그레이
43,1181169,기타,"아우터, 하의, 상의",10,블루,화이트,7부소매,화이트,7부소매,,,,,그레이,그레이
44,1181189,기타,"아우터, 하의, 상의",10,스카이블루,베이지,긴팔,라벤더,7부소매,,,,,,
45,1181190,기타,"아우터, 상의",2,,라벤더,긴팔,라벤더,긴팔,,,,,,
46,1181191,기타,"아우터, 하의, 상의",10,스카이블루,베이지,긴팔,베이지,긴팔,,,,,,
47,1181192,기타,"아우터, 상의",2,,라벤더,긴팔,라벤더,7부소매,,,,,,
48,1181193,기타,"아우터, 상의",2,,라벤더,긴팔,라벤더,7부소매,,,,,,
49,1192165,기타,"하의, 상의",3,스카이블루,블루,반팔,,,,,,,,
50,1238507,기타,"하의, 상의",3,와인,와인,긴팔,,,,,,,,베이지
51,1238508,기타,"하의, 상의",3,와인,와인,긴팔,,,,,,,,베이지
52,1238509,기타,"하의, 상의",3,와인,와인,긴팔,,,,,,,,베이지
53,1238514,기타,"하의, 상의",3,블랙,블랙,긴팔,,,,,,,,화이트
54,1238517,기타,"하의, 상의",3,블랙,블랙,긴팔,,,,,,,,화이트
55,1238532,기타,"하의, 원피스",1,블루,,,,,블루,긴팔,,,,
56,1238534,기타,"원피스, 상의",5,,블루,긴팔,,,블루,긴팔,,,,화이트
57,1238573,기타,"하의, 원피스",1,베이지,,,,,레드,긴팔,,,,
58,1238574,기타,"하의, 원피스",1,화이트,,,,,레드,긴팔,,,,
59,1238575,기타,"하의, 원피스",1,화이트,,,,,레드,긴팔,,,,
60,1238576,기타,"하의, 상의",3,화이트,레드,긴팔,,,,,,,,블랙
61,1238577,기타,"하의, 상의",3,화이트,레드,긴팔,,,,,,,,블랙
62,1238578,기타,"하의, 상의",3,화이트,레드,긴팔,,,,,,,,블랙
63,1238579,기타,"하의, 원피스",1,화이트,,,,,레드,긴팔,,,,
64,1311668,기타,"아우터, 원피스",6,,,,베이지,긴팔,베이지,긴팔,,,화이트,
65,1311669,기타,"아우터, 원피스",6,,,,베이지,긴팔,베이지,긴팔,,,화이트,
66,1311670,기타,"아우터, 원피스",6,,,,베이지,긴팔,베이지,긴팔,,,화이트,
67,1311671,기타,"아우터, 원피스",6,,,,베이지,긴팔,베이지,긴팔,,,화이트,
68,1311672,기타,"아우터, 원피스",6,,,,베이지,긴팔,베이지,긴팔,,,화이트,
69,1311673,기타,"아우터, 하의, 원피스",8,네이비,,,베이지,긴팔,베이지,긴팔,,,화이트,
70,1340064,기타,"아우터, 상의",2,,블랙,없음,베이지,긴팔,,,,,,
71,1340066,기타,"아우터, 하의, 상의",10,베이지,블랙,없음,베이지,긴팔,,,,,,
72,1340067,기타,"아우터, 상의",2,,블랙,없음,베이지,긴팔,,,,,,
73,1340068,기타,"아우터, 상의",2,,블랙,없음,베이지,긴팔,,,,,,
74,1340069,기타,"아우터, 상의",2,,블랙,없음,베이지,긴팔,,,,,,
75,1340125,기타,"하의, 상의",3,화이트,화이트,없음,,,,,스카이블루,,,
76,1340129,기타,"하의, 상의",3,화이트,화이트,없음,,,,,스카이블루,,,
77,1340148,기타,"하의, 상의",3,화이트,화이트,없음,,,,,스카이블루,,,
78,1347666,기타,"하의, 상의",3,네이비,브라운,긴팔,,,,,,,,
79,1347667,기타,"하의, 상의",3,네이비,브라운,긴팔,,,,,,,,
80,1347675,기타,"하의, 상의",3,네이비,스카이블루,긴팔,,,,,,,,
81,1347681,기타,"하의, 상의",3,스카이블루,블랙,긴팔,,,,,,,,
82,1347682,기타,"하의, 상의",3,스카이블루,블랙,긴팔,,,,,,,,
83,1347684,기타,"하의, 상의",3,스카이블루,블랙,긴팔,,,,,,,,
84,1347686,기타,"하의, 상의",3,스카이블루,블랙,긴팔,,,,,,,,
85,1347688,기타,"하의, 상의",3,네이비,화이트,긴팔,,,,,,,,블루
86,1347691,기타,"하의, 상의",3,네이비,화이트,긴팔,,,,,,,,블루
87,1347694,기타,"하의, 상의",3,네이비,화이트,긴팔,,,,,,,,블루
88,1347697,기타,"하의, 상의",3,네이비,베이지,긴팔,,,,,,,,블랙
89,1347704,기타,"하의, 상의",3,블랙,화이트,긴팔,,,,,,,,블랙
90,1347706,기타,"하의, 상의",3,블랙,화이트,긴팔,,,,,,,,블랙
91,1347711,기타,"하의, 상의",3,블랙,화이트,긴팔,,,,,,,,
92,1347713,기타,"하의, 상의",3,블랙,화이트,긴팔,,,,,,,,블랙
93,1347715,기타,"하의, 상의",3,네이비,베이지,긴팔,,,,,,,,
94,1347716,기타,"하의, 상의",3,네이비,베이지,긴팔,,,,,,,,
95,1347721,기타,"하의, 상의",3,네이비,베이지,긴팔,,,,,,,,
96,1347725,기타,"하의, 상의",3,네이비,베이지,긴팔,,,,,,,,
97,1347728,기타,"하의, 상의",3,블루,라벤더,긴팔,,,,,,,,
98,1347731,기타,"하의, 상의",3,블루,라벤더,긴팔,,,,,,,,
99,1347748,기타,"하의, 상의",3,블랙,와인,긴팔,,,,,,,,
100,1347755,기타,"하의, 상의",3,블랙,와인,긴팔,,,,,,,,
101,1347756,기타,"하의, 상의",3,블랙,와인,긴팔,,,,,,,,
102,1347758,기타,"하의, 상의",3,블랙,와인,긴팔,,,,,,,,
103,1347767,기타,"하의, 상의",3,블루,옐로우,긴팔,,,,,,,,브라운
104,1347771,기타,"하의, 상의",3,스카이블루,핑크,긴팔,,,,,,,,네이비
105,1347772,기타,"하의, 상의",3,스카이블루,핑크,긴팔,,,,,,,,네이비
106,1347773,기타,"하의, 상의",3,스카이블루,핑크,긴팔,,,,,,,,네이비
107,1347776,기타,"하의, 상의",3,스카이블루,핑크,긴팔,,,,,,,,네이비
108,1347777,기타,"하의, 상의",3,스카이블루,핑크,긴팔,,,,,,,,네이비
109,1347782,기타,"하의, 상의",3,스카이블루,핑크,긴팔,,,,,,,,
110,1347787,기타,"하의, 상의",3,스카이블루,핑크,긴팔,,,,,,,,
111,1347788,기타,"하의, 상의",3,스카이블루,핑크,긴팔,,,,,,,,
112,1347791,기타,"하의, 상의",3,베이지,스카이블루,긴팔,,,,,,,,
113,1347793,기타,"하의, 상의",3,베이지,스카이블루,긴팔,,,,,,,,
114,1347794,기타,"하의, 상의",3,베이지,스카이블루,긴팔,,,,,,,,
115,1347796,기타,"하의, 상의",3,베이지,스카이블루,긴팔,,,,,,,,
116,1347797,기타,"하의, 상의",3,베이지,스카이블루,긴팔,,,,,,,,
117,1347798,기타,"하의, 상의",3,베이지,스카이블루,긴팔,,,,,,,,
118,1347801,기타,"하의, 상의",3,블랙,브라운,긴팔,,,,,,,,
119,1347802,기타,"하의, 상의",3,블랙,브라운,긴팔,,,,,,,,
120,1347803,기타,"하의, 상의",3,블랙,브라운,긴팔,,,,,,,,
121,1347804,기타,"하의, 상의",3,블랙,브라운,긴팔,,,,,,,,
122,1347805,기타,"하의, 상의",3,블랙,브라운,긴팔,,,,,,,,
123,1347806,기타,"하의, 상의",3,블랙,브라운,긴팔,,,,,,,,
124,1347807,기타,"하의, 상의",3,블랙,브라운,긴팔,,,,,,,,
125,1347811,기타,"하의, 상의",3,네이비,그레이,긴팔,,,,,,,,
126,1347812,기타,"하의, 상의",3,네이비,그레이,긴팔,,,,,,,,
127,1347813,기타,"하의, 상의",3,네이비,그레이,긴팔,,,,,,,,
128,1347817,기타,"하의, 상의",3,네이비,그레이,긴팔,,,,,,,,
129,1347822,기타,"하의, 상의",3,네이비,실버,긴팔,,,,,,,,블루
130,1348213,기타,"원피스, 상의",5,,화이트,긴팔,,,블랙,민소매,,,,
131,1348214,기타,"원피스, 상의",5,,화이트,긴팔,,,블랙,민소매,,,,
132,1348215,기타,"원피스, 상의",5,,화이트,긴팔,,,블랙,민소매,,,,
133,1348216,기타,"원피스, 상의",5,,화이트,긴팔,,,블랙,민소매,,,,
134,1348217,기타,"원피스, 상의",5,,화이트,긴팔,,,블랙,민소매,,,,
135,1348218,기타,"원피스, 상의",5,,화이트,긴팔,,,블랙,민소매,,,,
136,1348232,기타,"원피스, 상의",5,,블랙,없음,,,브라운,긴팔,,,,
137,1348233,기타,"원피스, 상의",5,,블랙,없음,,,브라운,긴팔,,,,
138,1348234,기타,"원피스, 상의",5,,블랙,없음,,,브라운,긴팔,,,,
139,1348236,기타,"원피스, 상의",5,,블랙,없음,,,브라운,긴팔,,,,
140,1348238,기타,"원피스, 상의",5,,블랙,없음,,,브라운,긴팔,,,,
141,1348247,기타,"아우터, 원피스",6,,,,베이지,민소매,베이지,긴팔,,화이트,,
142,1348275,기타,"하의, 상의",3,브라운,화이트,긴팔,,,,,,,,
143,1348276,기타,"하의, 상의",3,브라운,화이트,긴팔,,,,,,,,
144,1348277,기타,"하의, 상의",3,브라운,화이트,긴팔,,,,,,,,
145,1348278,기타,"아우터, 하의, 상의",10,브라운,화이트,없음,베이지,긴팔,,,,,,
146,1348281,기타,"하의, 상의",3,브라운,화이트,긴팔,,,,,,,,
147,1348282,기타,"하의, 상의",3,브라운,화이트,긴팔,,,,,,,,
148,1348283,기타,"하의, 상의",3,브라운,화이트,긴팔,,,,,,,,
149,1348284,기타,"하의, 상의",3,브라운,화이트,긴팔,,,,,,,,
150,1348285,기타,"하의, 상의",3,그레이,화이트,반팔,,,,,,,,
151,1348287,기타,"아우터, 하의",4,그레이,,,그레이,긴팔,,,,,,
152,1348291,기타,"하의, 상의",3,그레이,화이트,반팔,,,,,,,,
153,1348292,기타,"하의, 상의",3,그레이,화이트,반팔,,,,,,,,
154,1348293,기타,"아우터, 하의, 상의",10,그레이,화이트,없음,그레이,긴팔,,,,,,
155,1348297,기타,"하의, 상의",3,블랙,화이트,긴팔,,,,,,,,
156,1348301,기타,"하의, 상의",3,블랙,화이트,긴팔,,,,,,,,
157,1348303,기타,"하의, 상의",3,블랙,화이트,긴팔,,,,,,,,
158,1348305,기타,"아우터, 하의, 상의",10,블랙,화이트,긴팔,블랙,민소매,,,,,화이트,
159,1348307,기타,"아우터, 하의, 상의",10,블랙,화이트,긴팔,블랙,민소매,,,,,화이트,
160,1348311,기타,"아우터, 하의, 상의",10,블랙,화이트,긴팔,블랙,민소매,,,,,화이트,
161,1348313,기타,"아우터, 하의, 상의",10,블랙,화이트,긴팔,블랙,민소매,,,,,화이트,
162,1348315,기타,"하의, 상의",3,베이지,브라운,긴팔,,,,,,,,
163,1348316,기타,"하의, 상의",3,베이지,브라운,긴팔,,,,,,,,
164,1348318,기타,"하의, 상의",3,베이지,브라운,긴팔,,,,,,,,
165,1348322,기타,"하의, 상의",3,베이지,브라운,긴팔,,,,,,,,
166,1348324,기타,"하의, 상의",3,베이지,베이지,긴팔,,,,,,,,
167,1348326,기타,"하의, 상의",3,베이지,베이지,긴팔,,,,,,,,
168,1348351,기타,"하의, 상의",3,블랙,블랙,긴팔,,,,,,,,
169,1348354,기타,"하의, 상의",3,블랙,블랙,긴팔,,,,,,,,
170,1348355,기타,"하의, 상의",3,블랙,블랙,긴팔,,,,,,,,
171,1348356,기타,"하의, 상의",3,그레이,화이트,긴팔,,,,,,,,
172,1348358,기타,"하의, 상의",3,그레이,화이트,긴팔,,,,,,,,
173,1348361,기타,"하의, 상의",3,그레이,화이트,긴팔,,,,,,,,
174,1348363,기타,"하의, 상의",3,그레이,화이트,긴팔,,,,,,,,
175,1348366,기타,"하의, 상의",3,그레이,화이트,긴팔,,,,,,,,
176,1348367,기타,"하의, 상의",3,그레이,화이트,긴팔,,,,,,,,
177,1348385,기타,"하의, 상의",3,와인,베이지,긴팔,,,,,화이트,,,
178,1348387,기타,"하의, 상의",3,와인,핑크,긴팔,,,,,화이트,,,
179,1348388,기타,"하의, 상의",3,와인,핑크,긴팔,,,,,화이트,,,
180,1348403,기타,"아우터, 하의, 상의",10,블랙,화이트,없음,베이지,긴팔,,,,,,블랙
181,1348405,기타,"아우터, 하의, 상의",10,블랙,화이트,없음,블랙,긴팔,,,,,베이지,
182,1348408,기타,"아우터, 하의",4,블랙,,,블랙,긴팔,,,,,베이지,
183,1348417,기타,"하의, 상의",3,베이지,라벤더,긴팔,,,,,,,,
184,1348418,기타,"하의, 상의",3,베이지,라벤더,긴팔,,,,,,,,
185,1348421,기타,"하의, 상의",3,베이지,라벤더,긴팔,,,,,,,,
186,1348427,기타,"하의, 상의",3,네이비,베이지,7부소매,,,,,화이트,,,
187,1348431,기타,"하의, 상의",3,네이비,베이지,긴팔,,,,,화이트,,,
188,1348433,기타,"하의, 상의",3,네이비,베이지,긴팔,,,,,화이트,,,
189,1348436,기타,"하의, 상의",3,화이트,오렌지,긴팔,,,,,,,,
190,1348438,기타,"하의, 상의",3,화이트,오렌지,긴팔,,,,,,,,
191,1348441,기타,"하의, 상의",3,화이트,오렌지,긴팔,,,,,,,,
192,1348442,기타,"하의, 상의",3,화이트,오렌지,긴팔,,,,,,,,
193,1348443,기타,"하의, 상의",3,화이트,오렌지,긴팔,,,,,,,,
194,1348444,기타,"하의, 상의",3,화이트,오렌지,긴팔,,,,,,,,
195,1348445,기타,"하의, 상의",3,화이트,오렌지,긴팔,,,,,,,,
196,1348446,기타,"하의, 상의",3,네이비,핑크,긴팔,,,,,카키,,,
197,1348447,기타,"하의, 상의",3,네이비,핑크,긴팔,,,,,카키,,,
198,1348448,기타,"하의, 상의",3,네이비,핑크,긴팔,,,,,카키,,,
199,1348451,기타,"하의, 상의",3,네이비,핑크,긴팔,,,,,카키,,,
200,1348452,기타,"하의, 상의",3,네이비,핑크,긴팔,,,,,실버,,,
201,1348453,기타,"하의, 상의",3,네이비,핑크,긴팔,,,,,실버,,,
202,1348454,기타,"원피스, 상의",5,,베이지,긴팔,,,브라운,민소매,,베이지,,
203,1348455,기타,"원피스, 상의",5,,베이지,긴팔,,,브라운,민소매,,베이지,,
204,1348456,기타,"원피스, 상의",5,,베이지,긴팔,,,브라운,민소매,,베이지,,
205,1348457,기타,"하의, 상의",3,블루,네온,긴팔,,,,,스카이블루,,,
206,1348458,기타,"하의, 상의",3,블루,네온,긴팔,,,,,스카이블루,,,
207,1348462,기타,"하의, 상의",3,블루,네온,긴팔,,,,,스카이블루,,,
208,1348464,기타,"하의, 상의",3,블루,네온,긴팔,,,,,스카이블루,,,
209,1348466,기타,"하의, 상의",3,브라운,화이트,긴팔,,,,,,,,
210,1348467,기타,"하의, 상의",3,브라운,화이트,긴팔,,,,,,,,
211,1348468,기타,"하의, 상의",3,브라운,화이트,긴팔,,,,,,,,
212,1348472,기타,"하의, 상의",3,베이지,화이트,긴팔,,,,,,,,
213,1348474,기타,"하의, 상의",3,블랙,화이트,긴팔,,,,,,,,
214,1348475,기타,"하의, 상의",3,블랙,화이트,긴팔,,,,,,,,
215,1348476,기타,"하의, 상의",3,블랙,화이트,긴팔,,,,,,,,
216,1348477,기타,"하의, 상의",3,블랙,화이트,긴팔,,,,,,,,
217,1348478,기타,"하의, 상의",3,블랙,화이트,긴팔,,,,,,,,
218,1348481,기타,"하의, 상의",3,블랙,화이트,긴팔,,,,,,,,
219,1348482,기타,"하의, 상의",3,베이지,브라운,긴팔,,,,,,,,
220,1348485,기타,"하의, 상의",3,베이지,브라운,긴팔,,,,,,,,
221,1348486,기타,"하의, 상의",3,베이지,브라운,긴팔,,,,,,,,
222,1348487,기타,"하의, 상의",3,베이지,브라운,긴팔,,,,,,,,
223,1348488,기타,"하의, 상의",3,베이지,브라운,긴팔,,,,,,,,
224,1348492,기타,"하의, 상의",3,베이지,브라운,긴팔,,,,,,,,
225,1348493,기타,"하의, 상의",3,베이지,그레이,긴팔,,,,,,,,블루
226,1348494,기타,"하의, 상의",3,베이지,그레이,긴팔,,,,,,,,블루
227,1348496,기타,"하의, 상의",3,베이지,그레이,긴팔,,,,,,,,블루
228,1348501,기타,"하의, 상의",3,베이지,그레이,긴팔,,,,,,,,블루
229,1348506,기타,"하의, 상의",3,블랙,화이트,긴팔,,,,,,,,라벤더
230,1348508,기타,"하의, 상의",3,블랙,화이트,긴팔,,,,,,,,라벤더
231,1348511,기타,"하의, 상의",3,블랙,화이트,긴팔,,,,,,,,라벤더
232,1348513,기타,"하의, 상의",3,블랙,화이트,긴팔,,,,,,,,라벤더
233,1348515,기타,"하의, 상의",3,블랙,그레이,긴팔,,,,,,,,화이트
234,1348516,기타,"하의, 상의",3,블랙,그레이,긴팔,,,,,,,,화이트
235,1348517,기타,"하의, 상의",3,블랙,그레이,긴팔,,,,,,,,화이트
236,1348522,기타,"하의, 상의",3,블랙,그레이,긴팔,,,,,,,,블랙
237,1348523,기타,"하의, 상의",3,네이비,그레이,긴팔,,,,,베이지,,,화이트
238,1348525,기타,"하의, 상의",3,블랙,와인,긴팔,,,,,,,,베이지
239,1348527,기타,"하의, 상의",3,블랙,퍼플,긴팔,,,,,,,,화이트
240,1348533,기타,"하의, 상의",3,블랙,퍼플,긴팔,,,,,,,,화이트
241,1348536,기타,"아우터, 하의, 상의",10,핑크,화이트,긴팔,핑크,민소매,,,화이트,,화이트,
242,1348537,기타,"아우터, 하의, 상의",10,핑크,화이트,긴팔,핑크,민소매,,,화이트,,화이트,
243,1348538,기타,"아우터, 하의, 상의",10,핑크,화이트,긴팔,핑크,민소매,,,화이트,,화이트,
244,1348541,기타,"아우터, 하의, 상의",10,핑크,화이트,긴팔,핑크,민소매,,,화이트,,화이트,
245,1348542,기타,"아우터, 하의, 상의",10,핑크,화이트,긴팔,핑크,민소매,,,화이트,,화이트,
246,1348543,기타,"아우터, 하의, 상의",10,핑크,화이트,긴팔,핑크,민소매,,,화이트,,화이트,
247,1348544,기타,"아우터, 하의, 상의",10,핑크,화이트,긴팔,핑크,민소매,,,화이트,,화이트,
248,1348545,기타,"아우터, 하의, 상의",10,핑크,화이트,긴팔,핑크,민소매,,,화이트,,화이트,
249,1348546,기타,"아우터, 하의, 상의",10,핑크,화이트,긴팔,핑크,민소매,,,화이트,,화이트,
250,1348547,기타,"아우터, 하의, 상의",10,핑크,화이트,긴팔,핑크,민소매,,,화이트,,화이트,
251,1348552,기타,"아우터, 상의",2,,화이트,없음,카키,긴팔,,,,,,
252,1348556,기타,"아우터, 상의",2,,화이트,없음,카키,긴팔,,,,,,
253,1348557,기타,"아우터, 하의, 상의",10,블랙,화이트,없음,카키,긴팔,,,,,,
254,1348561,기타,"아우터, 하의",4,블루,,,그레이,긴팔,,,,,,
255,1348571,기타,"아우터, 하의, 상의",10,블루,브라운,없음,화이트,긴팔,,,,,,
256,1348572,기타,"아우터, 상의",2,,브라운,없음,화이트,긴팔,,,,,,
257,1348573,기타,"아우터, 상의",2,,브라운,없음,화이트,긴팔,,,,,,
258,1348574,기타,"아우터, 하의, 상의",10,블루,브라운,없음,화이트,긴팔,,,,,,
259,1348575,기타,"아우터, 상의",2,,브라운,없음,화이트,긴팔,,,,,,
260,1348576,기타,"아우터, 하의",4,블루,,,화이트,긴팔,,,,,,
261,1348577,기타,"아우터, 상의",2,,브라운,없음,화이트,긴팔,,,,,,
262,1348581,기타,"아우터, 하의, 상의",10,블랙,화이트,없음,그레이,긴팔,,,,,,
263,1348582,기타,"아우터, 하의, 상의",10,블랙,화이트,없음,그레이,긴팔,,,,,,
264,1348583,기타,"아우터, 하의",4,블랙,,,그레이,긴팔,,,,,,
265,1348585,기타,"아우터, 하의",4,블랙,,,그레이,긴팔,,,,,,
266,1348587,기타,"아우터, 하의",4,블랙,,,그레이,긴팔,,,,,,
267,1348588,기타,"아우터, 하의, 상의",10,블랙,화이트,없음,그레이,긴팔,,,,,,
268,1348591,기타,"아우터, 상의",2,,오렌지,없음,화이트,긴팔,,,,,,
269,1348592,기타,"아우터, 상의",2,,오렌지,없음,화이트,긴팔,,,,,,
270,1348593,기타,"아우터, 하의",4,화이트,,,화이트,긴팔,,,,,,
271,1348594,기타,"아우터, 하의",4,화이트,,,화이트,긴팔,,,,,,
272,1348595,기타,"아우터, 하의",4,화이트,,,화이트,긴팔,,,,,,
273,1348601,기타,"아우터, 하의, 상의",10,핑크,화이트,없음,핑크,긴팔,,,,,,
274,1348602,기타,"아우터, 하의",4,핑크,,,핑크,긴팔,,,,,,
275,1348604,기타,"아우터, 하의",4,핑크,,,핑크,긴팔,,,,,,
276,1348605,기타,"아우터, 하의",4,핑크,,,핑크,긴팔,,,,,,
277,1348606,기타,"아우터, 상의",2,,화이트,없음,핑크,긴팔,,,,,,
278,1348612,기타,"아우터, 하의",4,실버,,,화이트,긴팔,,,,,,
279,1348615,기타,"아우터, 원피스",6,,,,화이트,긴팔,실버,없음,,,,
280,1348617,기타,"아우터, 하의, 상의",10,블랙,화이트,없음,핑크,긴팔,,,,,,
281,1348618,기타,"아우터, 하의, 상의",10,블랙,화이트,없음,핑크,긴팔,,,,,,
282,1348622,기타,"아우터, 하의",4,네이비,,,스카이블루,긴팔,,,,,화이트,
283,1348624,기타,"아우터, 상의",2,,화이트,없음,스카이블루,긴팔,,,,,화이트,
284,1348625,기타,"아우터, 하의",4,네이비,,,스카이블루,긴팔,,,,,화이트,
285,1348626,기타,"아우터, 상의",2,,화이트,없음,스카이블루,긴팔,,,,,화이트,
286,1348627,기타,"아우터, 하의",4,네이비,,,스카이블루,긴팔,,,,,화이트,
287,1348628,기타,"아우터, 하의, 상의",10,네이비,화이트,없음,스카이블루,긴팔,,,,,화이트,
288,1348637,기타,"아우터, 하의, 상의",10,네이비,화이트,없음,베이지,긴팔,,,,,,
289,1348638,기타,"아우터, 하의",4,네이비,,,베이지,긴팔,,,,,,
290,1348641,기타,"아우터, 하의, 상의",10,네이비,화이트,없음,베이지,긴팔,,,,,,
291,1348642,기타,"아우터, 하의, 상의",10,화이트,화이트,없음,화이트,긴팔,,,,,스카이블루,
292,1348644,기타,"아우터, 하의, 상의",10,화이트,화이트,없음,화이트,긴팔,,,,,스카이블루,
293,1348646,기타,"아우터, 상의",2,,화이트,없음,화이트,긴팔,,,,,스카이블루,
294,1348651,기타,"아우터, 하의",4,화이트,,,네이비,긴팔,,,,,베이지,
295,1348652,기타,"아우터, 하의",4,화이트,,,네이비,긴팔,,,,,,
296,1348653,기타,"아우터, 하의",4,화이트,,,네이비,긴팔,,,,,베이지,
297,1348655,기타,"아우터, 하의",4,화이트,,,네이비,긴팔,,,,,베이지,
298,1348656,기타,"아우터, 하의",4,화이트,,,네이비,긴팔,,,,,베이지,
299,1348657,기타,"아우터, 하의, 상의",10,화이트,베이지,없음,네이비,긴팔,,,,,베이지,
300,1348658,기타,"아우터, 하의",4,화이트,,,네이비,긴팔,,,,,베이지,
301,1348663,기타,"하의, 상의",3,블랙,베이지,긴팔,,,,,,,,
302,1348672,기타,"하의, 상의",3,블랙,카키,긴팔,,,,,,,,화이트
303,1348673,기타,"하의, 상의",3,블랙,카키,긴팔,,,,,,,,화이트
304,1348676,기타,"하의, 상의",3,블랙,카키,긴팔,,,,,,,,화이트
305,1348682,기타,"하의, 상의",3,블랙,블랙,긴팔,,,,,,,,화이트
306,1348683,기타,"하의, 상의",3,블랙,블랙,긴팔,,,,,,,,화이트
307,1348685,기타,"하의, 상의",3,블랙,화이트,긴팔,,,,,,,,
308,1348686,기타,"하의, 상의",3,블랙,화이트,긴팔,,,,,,,,
309,1348692,기타,"하의, 상의",3,블랙,베이지,긴팔,,,,,,,,
310,1348693,기타,"하의, 상의",3,네이비,베이지,긴팔,,,,,,,,
311,1348697,기타,"하의, 상의",3,네이비,베이지,긴팔,,,,,,,,
312,1348704,기타,"하의, 상의",3,네이비,베이지,긴팔,,,,,,,,
313,1348708,기타,"하의, 상의",3,네이비,화이트,긴팔,,,,,,,,
314,1348715,기타,"하의, 상의",3,네이비,화이트,긴팔,,,,,,,,
315,1348717,기타,"하의, 상의",3,네이비,화이트,긴팔,,,,,,,,
316,1348722,기타,"하의, 상의",3,베이지,스카이블루,긴팔,,,,,,,,
317,1348724,기타,"하의, 상의",3,화이트,스카이블루,긴팔,,,,,,,,
318,1348726,기타,"하의, 상의",3,화이트,스카이블루,긴팔,,,,,,,,
319,1348728,기타,"하의, 상의",3,베이지,스카이블루,긴팔,,,,,,,,
320,1348761,기타,"하의, 상의",3,블랙,스카이블루,긴팔,,,,,,,,
321,1348762,기타,"하의, 상의",3,블랙,스카이블루,긴팔,,,,,,,,
322,1348763,기타,"하의, 상의",3,블랙,스카이블루,긴팔,,,,,,,,
323,1348764,기타,"하의, 상의",3,블랙,스카이블루,긴팔,,,,,,,,
324,1348765,기타,"하의, 상의",3,블랙,스카이블루,긴팔,,,,,,,,
325,1348767,기타,"하의, 상의",3,블랙,스카이블루,긴팔,,,,,,,,
326,1348772,기타,"하의, 상의",3,베이지,핑크,긴팔,,,,,,,,
327,1348773,기타,"하의, 상의",3,베이지,핑크,긴팔,,,,,,,,
328,1348774,기타,"하의, 상의",3,베이지,핑크,긴팔,,,,,,,,
329,1348777,기타,"하의, 상의",3,베이지,핑크,긴팔,,,,,,,,
330,1348778,기타,"하의, 상의",3,베이지,핑크,긴팔,,,,,,,,
331,1348781,기타,"하의, 상의",3,화이트,화이트,긴팔,,,,,블랙,,,블랙
332,1348782,기타,"하의, 상의",3,화이트,화이트,긴팔,,,,,블랙,,,블랙
333,1348783,기타,"하의, 상의",3,화이트,화이트,긴팔,,,,,블랙,,,블랙
334,1348784,기타,"하의, 상의",3,화이트,화이트,긴팔,,,,,블랙,,,블랙
335,1348785,기타,"하의, 상의",3,화이트,화이트,긴팔,,,,,블랙,,,블랙
336,1348786,기타,"하의, 상의",3,화이트,화이트,긴팔,,,,,블랙,,,블랙
337,1348787,기타,"하의, 상의",3,화이트,화이트,긴팔,,,,,블랙,,,블랙
338,1348788,기타,"하의, 상의",3,화이트,화이트,긴팔,,,,,블랙,,,블랙
339,1348792,기타,"하의, 상의",3,블랙,화이트,7부소매,,,,,,,,브라운
340,1348795,기타,"하의, 상의",3,블랙,화이트,긴팔,,,,,,,,
341,1348796,기타,"하의, 상의",3,블랙,화이트,긴팔,,,,,,,,브라운
342,1348797,기타,"하의, 상의",3,블랙,화이트,긴팔,,,,,,,,브라운
343,1348801,기타,"하의, 상의",3,블랙,화이트,긴팔,,,,,,,,브라운
344,1348802,기타,"하의, 상의",3,네이비,블루,긴팔,,,,,,,,
345,1348803,기타,"하의, 상의",3,네이비,블루,긴팔,,,,,,,,
346,1348804,기타,"하의, 상의",3,네이비,블루,긴팔,,,,,,,,
347,1348805,기타,"하의, 상의",3,네이비,블루,긴팔,,,,,,,,
348,1348806,기타,"하의, 상의",3,네이비,블루,긴팔,,,,,,,,
349,1348807,기타,"하의, 상의",3,네이비,화이트,7부소매,,,,,,,,블루
350,1348808,기타,"하의, 상의",3,네이비,화이트,7부소매,,,,,,,,블루
351,1348813,기타,"하의, 상의",3,네이비,화이트,7부소매,,,,,,,,블루
352,1348821,기타,"하의, 상의",3,블랙,화이트,긴팔,,,,,화이트,,,블랙
353,1348822,기타,"하의, 상의",3,블랙,화이트,긴팔,,,,,화이트,,,블랙
354,1348823,기타,"하의, 상의",3,블랙,화이트,긴팔,,,,,화이트,,,블랙
355,1348837,기타,"하의, 상의",3,스카이블루,화이트,긴팔,,,,,,,,
356,1348838,기타,"하의, 상의",3,스카이블루,화이트,긴팔,,,,,,,,
357,1348841,기타,"하의, 상의",3,스카이블루,화이트,긴팔,,,,,,,,
358,1348843,기타,"하의, 상의",3,스카이블루,화이트,긴팔,,,,,,,,
359,1348844,기타,"하의, 상의",3,스카이블루,화이트,긴팔,,,,,,,,
360,1348845,기타,"하의, 상의",3,스카이블루,화이트,긴팔,,,,,,,,
361,1348846,기타,"하의, 상의",3,스카이블루,화이트,긴팔,,,,,,,,
362,1348851,기타,"하의, 상의",3,블랙,핑크,긴팔,,,,,,,,베이지
363,1348855,기타,"하의, 상의",3,블랙,핑크,긴팔,,,,,,,,베이지
364,1348857,기타,"하의, 상의",3,블랙,핑크,긴팔,,,,,,,,베이지
365,1348864,기타,"하의, 상의",3,블랙,핑크,긴팔,,,,,,,,
366,1348865,기타,"하의, 상의",3,블랙,핑크,긴팔,,,,,,,,
367,1348866,기타,"하의, 상의",3,블랙,핑크,긴팔,,,,,,,,
368,1348871,기타,"하의, 상의",3,블랙,핑크,긴팔,,,,,,,,
369,1348872,기타,"하의, 상의",3,블랙,핑크,긴팔,,,,,,,,
370,1348873,기타,"하의, 상의",3,블랙,핑크,긴팔,,,,,,,,
371,1348877,기타,"하의, 상의",3,블루,블랙,긴팔,,,,,,,,
372,1348881,기타,"하의, 상의",3,블루,블랙,긴팔,,,,,,,,
373,1348887,기타,"하의, 상의",3,베이지,민트,긴팔,,,,,,,,
374,1348893,기타,"하의, 상의",3,베이지,민트,긴팔,,,,,,,,
375,1348895,기타,"하의, 상의",3,베이지,민트,긴팔,,,,,,,,
376,1348897,기타,"하의, 상의",3,블랙,베이지,긴팔,,,,,,,,
377,1348903,기타,"하의, 상의",3,블랙,베이지,긴팔,,,,,,,,
378,1348905,기타,"하의, 상의",3,브라운,베이지,긴팔,,,,,,,,
379,1348906,기타,"하의, 상의",3,브라운,베이지,긴팔,,,,,,,,
380,1348907,기타,"하의, 상의",3,브라운,베이지,긴팔,,,,,,,,
381,1348908,기타,"아우터, 하의, 상의",10,브라운,베이지,긴팔,그레이,긴팔,,,,,,
382,1348913,기타,"하의, 상의",3,네이비,그레이,긴팔,,,,,,,,
383,1348915,기타,"하의, 상의",3,네이비,그레이,긴팔,,,,,,,,
384,1348918,기타,"하의, 상의",3,브라운,화이트,긴팔,,,,,,,,
385,1348922,기타,"하의, 상의",3,브라운,화이트,긴팔,,,,,,,,
386,442749,기타,"하의, 상의",3,블랙,화이트,반팔,,,,,,,,
387,482749,기타,"하의, 상의",3,화이트,옐로우,반팔,,,,,,,,그린
388,501569,기타,"하의, 상의",3,화이트,민트,긴팔,,,,,,,,
389,501576,기타,"하의, 상의",3,화이트,민트,민소매,,,,,,,,
390,501577,기타,"하의, 상의",3,화이트,민트,민소매,,,,,,,,
391,583920,기타,"아우터, 하의, 상의",10,블랙,화이트,긴팔,네이비,긴팔,,,,,화이트,
392,583971,기타,"하의, 상의",3,블랙,그레이,긴팔,,,,,,,,
393,616209,기타,"아우터, 상의",2,,화이트,긴팔,브라운,긴팔,,,,,,
394,616210,기타,"아우터, 상의",2,,화이트,긴팔,브라운,긴팔,,,,,,
395,616221,기타,"아우터, 상의",2,,카키,긴팔,카키,긴팔,,,,,,
396,616222,기타,"아우터, 하의, 상의",10,화이트,카키,긴팔,카키,긴팔,,,,,,
397,616223,기타,"아우터, 하의, 상의",10,화이트,카키,긴팔,카키,긴팔,,,,,,
398,616226,기타,"아우터, 상의",2,,카키,긴팔,카키,긴팔,,,,,,
399,616227,기타,"아우터, 상의",2,,카키,긴팔,카키,긴팔,,,,,,
400,616228,기타,"아우터, 상의",2,,카키,긴팔,카키,긴팔,,,,,,
401,616229,기타,"아우터, 상의",2,,카키,긴팔,카키,긴팔,,,,,,
402,616238,기타,"아우터, 상의",2,,화이트,없음,화이트,7부소매,,,,,네이비,
403,616239,기타,"아우터, 상의",2,,화이트,없음,베이지,7부소매,,,,,브라운,
404,616240,기타,"아우터, 상의",2,,화이트,없음,화이트,7부소매,,,,,네이비,
405,616241,기타,"아우터, 상의",2,,화이트,없음,베이지,7부소매,,,,,브라운,
406,616242,기타,"아우터, 상의",2,,화이트,없음,베이지,7부소매,,,,,브라운,
407,616243,기타,"아우터, 상의",2,,화이트,없음,화이트,7부소매,,,,,네이비,
408,616246,기타,"아우터, 하의, 상의",10,블랙,베이지,7부소매,베이지,7부소매,,,,,브라운,
409,616247,기타,"아우터, 하의, 상의",10,카키,화이트,없음,화이트,7부소매,,,,,블랙,
410,616248,기타,"아우터, 상의",2,,화이트,없음,화이트,7부소매,,,,,네이비,
411,616249,기타,"아우터, 상의",2,,화이트,없음,화이트,7부소매,,,,,네이비,
412,616250,기타,"아우터, 상의",2,,화이트,없음,베이지,7부소매,,,,,브라운,
413,616251,기타,"아우터, 하의, 상의",10,블랙,화이트,없음,베이지,7부소매,,,,,브라운,
414,616252,기타,"아우터, 상의",2,,화이트,없음,베이지,7부소매,,,,,브라운,브라운
415,616253,기타,"아우터, 하의, 상의",10,카키,화이트,없음,화이트,7부소매,,,,,네이비,
416,616256,기타,"아우터, 상의",2,,화이트,없음,화이트,7부소매,,,,,네이비,
417,616257,기타,"아우터, 상의",2,,화이트,없음,화이트,7부소매,,,,,네이비,
418,616282,기타,"아우터, 상의",2,,화이트,7부소매,그레이,민소매,,,,,화이트,
419,616283,기타,"아우터, 상의",2,,화이트,7부소매,그레이,민소매,,,,,화이트,
420,616284,기타,"아우터, 하의, 상의",10,블랙,그레이,민소매,그레이,민소매,,,,,화이트,화이트
421,616285,기타,"아우터, 상의",2,,화이트,7부소매,그레이,민소매,,,,,화이트,
422,616288,기타,"아우터, 하의, 상의",10,블랙,그레이,민소매,그레이,민소매,,,,,화이트,화이트
423,616289,기타,"아우터, 상의",2,,화이트,긴팔,그레이,민소매,,,,,화이트,
424,616290,기타,"아우터, 상의",2,,그레이,민소매,그레이,민소매,,,,,화이트,화이트
425,616334,기타,"아우터, 상의",2,,화이트,없음,베이지,긴팔,,,,,,
426,616335,기타,"아우터, 상의",2,,화이트,없음,베이지,7부소매,,,,,,
427,616338,기타,"아우터, 하의, 상의",10,블루,화이트,없음,베이지,긴팔,,,,,,
428,616339,기타,"아우터, 상의",2,,화이트,없음,베이지,7부소매,,,,,,
429,616340,기타,"아우터, 상의",2,,화이트,없음,베이지,긴팔,,,,,,
430,616341,기타,"아우터, 상의",2,,화이트,없음,베이지,긴팔,,,,,,
431,616352,기타,"아우터, 상의",2,,화이트,없음,레드,긴팔,,,,,화이트,
432,616353,기타,"아우터, 상의",2,,화이트,없음,레드,긴팔,,,,,화이트,
433,616354,기타,"아우터, 상의",2,,화이트,없음,레드,긴팔,,,,,화이트,
434,616355,기타,"아우터, 상의",2,,화이트,없음,레드,긴팔,,,,,화이트,
435,616358,기타,"아우터, 상의",2,,화이트,없음,레드,긴팔,,,,,화이트,
436,616359,기타,"아우터, 상의",2,,화이트,없음,레드,긴팔,,,,,화이트,
437,616360,기타,"아우터, 상의",2,,화이트,없음,레드,긴팔,,,,,화이트,
438,618693,기타,"하의, 상의",3,스카이블루,블랙,긴팔,,,,,,,,화이트
439,684098,기타,"하의, 원피스",1,베이지,,,,,베이지,민소매,,,,
440,684099,기타,"하의, 원피스",1,베이지,,,,,베이지,민소매,,,,
441,684100,기타,"하의, 원피스",1,베이지,,,,,베이지,민소매,,,,
442,684101,기타,"하의, 원피스",1,베이지,,,,,베이지,민소매,,,,
443,684102,기타,"하의, 원피스",1,베이지,,,,,베이지,민소매,,,,
444,684103,기타,"하의, 원피스",1,베이지,,,,,베이지,민소매,,,,
445,684104,기타,"하의, 원피스",1,베이지,,,,,베이지,민소매,,,,
446,684105,기타,"하의, 원피스, 상의",9,베이지,화이트,반팔,,,베이지,민소매,,,,
447,684108,기타,"하의, 원피스, 상의",9,베이지,화이트,반팔,,,베이지,민소매,,,,
448,684109,기타,"하의, 원피스, 상의",9,베이지,화이트,반팔,,,베이지,민소매,,,,
449,684110,기타,"하의, 원피스, 상의",9,베이지,화이트,반팔,,,베이지,민소매,,,,
450,684111,기타,"하의, 원피스, 상의",9,베이지,화이트,반팔,,,베이지,민소매,,,,
451,684112,기타,"하의, 원피스, 상의",9,베이지,화이트,반팔,,,베이지,민소매,,,,
452,684113,기타,"하의, 원피스, 상의",9,베이지,화이트,반팔,,,베이지,민소매,,,,
453,684114,기타,"하의, 원피스, 상의",9,베이지,화이트,반팔,,,베이지,민소매,,,,
454,684115,기타,"하의, 원피스, 상의",9,베이지,화이트,반팔,,,베이지,민소매,,,,
455,684118,기타,"하의, 원피스, 상의",9,베이지,화이트,반팔,,,베이지,민소매,,,,
456,684119,기타,"하의, 원피스, 상의",9,베이지,화이트,반팔,,,베이지,민소매,,,,
457,684120,기타,"하의, 원피스, 상의",9,베이지,화이트,반팔,,,베이지,민소매,,,,
458,684121,기타,"하의, 원피스, 상의",9,베이지,화이트,반팔,,,베이지,민소매,,,,
459,684122,기타,"하의, 원피스, 상의",9,베이지,화이트,반팔,,,베이지,민소매,,,,
460,684123,기타,"하의, 원피스, 상의",9,베이지,화이트,반팔,,,베이지,민소매,,,,
461,684124,기타,"하의, 원피스, 상의",9,베이지,화이트,반팔,,,베이지,민소매,,,,
462,684125,기타,"하의, 원피스, 상의",9,베이지,화이트,반팔,,,베이지,민소매,,,,
463,684128,기타,"하의, 원피스, 상의",9,베이지,화이트,반팔,,,베이지,민소매,,,,
464,684130,기타,"하의, 원피스, 상의",9,베이지,화이트,반팔,,,베이지,민소매,,,,
465,684131,기타,"하의, 원피스, 상의",9,베이지,화이트,반팔,,,베이지,민소매,,,,
466,684132,기타,"하의, 원피스, 상의",9,베이지,화이트,반팔,,,베이지,민소매,,,,
467,856332,기타,"하의, 상의",3,화이트,그린,7부소매,,,,,,,,
