,ID,style,clothing_categories,mix_clothing_categories,아우터_기장,아우터_색상,아우터_카테고리,아우터_옷깃,아우터_디테일,아우터_소매기장,아우터_소재,아우터_프린트,아우터_넥라인,아우터_핏,하의_기장,하의_색상,하의_카테고리,하의_소재,하의_프린트,하의_핏,상의_색상,상의_소매기장,아우터_서브색상,원피스_기장,원피스_카테고리,원피스_디테일,원피스_소재,원피스_프린트,원피스_넥라인,원피스_핏,원피스_색상,원피스_서브색상,원피스_소매기장,상의_카테고리,상의_소재,상의_프린트,상의_넥라인,상의_핏,하의_디테일,하의_서브색상,상의_기장,상의_서브색상,상의_디테일
0,1029645,펑크,"아우터, 하의, 상의",10,노말,블루,재킷,셔츠칼라,"['단추', '디스트로이드', '포켓', '드롭숄더']",긴팔,['데님'],['무지'],라운드넥,오버사이즈,발목,블랙,팬츠,['우븐'],['무지'],스키니,화이트,없음,,,,,,,,,,,,,,,,,,,,,
1,1029646,펑크,"아우터, 하의",4,노말,블루,재킷,셔츠칼라,"['단추', '디스트로이드', '포켓', '드롭숄더']",긴팔,['데님'],['무지'],라운드넥,오버사이즈,발목,블랙,팬츠,['우븐'],['무지'],스키니,,,,,,,,,,,,,,,,,,,,,,,
2,1029647,펑크,"아우터, 하의",4,노말,블루,재킷,셔츠칼라,"['단추', '디스트로이드']",긴팔,['데님'],['무지'],,오버사이즈,,블랙,,,,,,,,,,,,,,,,,,,,,,,,,,,
3,1029648,펑크,"아우터, 하의, 상의",10,노말,블루,재킷,셔츠칼라,"['단추', '디스트로이드', '포켓', '드롭숄더']",긴팔,['데님'],['무지'],라운드넥,오버사이즈,발목,블랙,팬츠,['우븐'],['무지'],스키니,화이트,없음,,,,,,,,,,,,,,,,,,,,,
4,1029649,펑크,"아우터, 하의, 상의",10,노말,블루,재킷,셔츠칼라,"['단추', '디스트로이드', '포켓', '드롭숄더']",긴팔,['데님'],['무지'],라운드넥,오버사이즈,,블랙,,,,,화이트,없음,,,,,,,,,,,,,,,,,,,,,
5,1029882,펑크,"아우터, 하의",4,노말,네이비,재킷,셔츠칼라,"['단추', '스티치']",긴팔,['데님'],['무지'],라운드넥,오버사이즈,미디,핑크,스커트,['니트'],['무지'],노멀,,,화이트,,,,,,,,,,,,,,,,,,,,
6,1029883,펑크,"아우터, 하의",4,노말,네이비,재킷,셔츠칼라,"['단추', '스티치']",긴팔,['데님'],['무지'],라운드넥,오버사이즈,미디,핑크,스커트,['니트'],['무지'],노멀,,,화이트,,,,,,,,,,,,,,,,,,,,
7,1029886,펑크,"아우터, 하의",4,노말,네이비,재킷,셔츠칼라,"['단추', '스티치']",긴팔,['데님'],['무지'],라운드넥,오버사이즈,미디,핑크,스커트,['니트'],['무지'],노멀,,,화이트,,,,,,,,,,,,,,,,,,,,
8,1031245,펑크,"아우터, 원피스",6,하프,블랙,재킷,테일러드칼라,"['지퍼', '띠']",긴팔,['가죽'],['무지'],,루즈,,,,,,,,,,미디,드레스,['셔링'],['우븐'],['플로럴'],브이넥,루즈,,,,,,,,,,,,,
9,1031246,펑크,"아우터, 원피스",6,하프,블랙,재킷,테일러드칼라,"['지퍼', '띠']",긴팔,['가죽'],['무지'],,루즈,,,,,,,,,,미디,드레스,['셔링'],['우븐'],['플로럴'],브이넥,루즈,블랙,화이트,없음,,,,,,,,,,
10,1031247,펑크,"아우터, 원피스",6,하프,블랙,재킷,테일러드칼라,"['지퍼', '띠']",긴팔,['가죽'],['무지'],,루즈,,,,,,,,,,미디,드레스,['셔링'],['우븐'],['플로럴'],브이넥,루즈,블랙,화이트,없음,,,,,,,,,,
11,1031248,펑크,"아우터, 원피스",6,하프,블랙,재킷,테일러드칼라,"['지퍼', '띠']",긴팔,['가죽'],['무지'],,루즈,,,,,,,,,,미디,드레스,['셔링'],['우븐'],['플로럴'],브이넥,루즈,블랙,화이트,없음,,,,,,,,,,
12,1031249,펑크,"아우터, 원피스",6,하프,블랙,재킷,테일러드칼라,"['지퍼', '띠']",긴팔,['가죽'],['무지'],,루즈,,,,,,,,,,미디,드레스,['셔링'],['우븐'],['플로럴'],브이넥,루즈,블랙,화이트,없음,,,,,,,,,,
13,1031250,펑크,"아우터, 원피스",6,하프,블랙,재킷,테일러드칼라,"['지퍼', '띠']",긴팔,['가죽'],['무지'],,루즈,,,,,,,,,,미디,드레스,['셔링'],['우븐'],['플로럴'],브이넥,루즈,블랙,화이트,없음,,,,,,,,,,
14,1031251,펑크,"아우터, 원피스",6,하프,블랙,재킷,테일러드칼라,"['지퍼', '띠']",긴팔,['가죽'],['무지'],,루즈,,,,,,,,,,미디,드레스,['셔링'],['우븐'],['플로럴'],브이넥,루즈,블랙,화이트,없음,,,,,,,,,,
15,1031252,펑크,"아우터, 원피스",6,하프,블랙,재킷,테일러드칼라,"['지퍼', '띠']",긴팔,['가죽'],['무지'],,루즈,,,,,,,,,,미디,드레스,['셔링'],['우븐'],['플로럴'],브이넥,루즈,,,,,,,,,,,,,
16,1034180,펑크,"아우터, 상의",2,노말,베이지,재킷,셔츠칼라,['포켓'],긴팔,['우븐'],['무지'],,루즈,,,,,,,그레이,없음,,,,,,,,,,,,티셔츠,['우븐'],['무지'],라운드넥,노멀,,,,,
17,1034181,펑크,"아우터, 하의",4,노말,베이지,재킷,셔츠칼라,"['포켓', '퍼프']",긴팔,['우븐'],['무지'],,루즈,발목,블루,청바지,['데님'],['무지'],루즈,,,,,,,,,,,,,,,,,,,['디스트로이드'],,,,
18,1034183,펑크,"아우터, 상의",2,노말,베이지,재킷,셔츠칼라,['포켓'],긴팔,['우븐'],['무지'],,루즈,,,,,,,그레이,없음,,,,,,,,,,,,티셔츠,['우븐'],['무지'],라운드넥,노멀,,,,,
19,1034184,펑크,"아우터, 하의, 상의",10,노말,베이지,재킷,셔츠칼라,['포켓'],긴팔,['우븐'],['무지'],,루즈,발목,블루,청바지,['데님'],['무지'],루즈,그레이,없음,,,,,,,,,,,,티셔츠,['우븐'],['무지'],라운드넥,노멀,['디스트로이드'],,,,
20,1034185,펑크,"아우터, 하의, 상의",10,노말,베이지,재킷,셔츠칼라,['포켓'],긴팔,['우븐'],['무지'],,루즈,발목,블루,청바지,['데님'],['무지'],루즈,그레이,없음,,,,,,,,,,,,티셔츠,['우븐'],['무지'],라운드넥,노멀,['디스트로이드'],,,,
21,1034187,펑크,"아우터, 상의",2,노말,베이지,재킷,셔츠칼라,['포켓'],긴팔,['우븐'],['무지'],,루즈,,,,,,,그레이,없음,,,,,,,,,,,,티셔츠,['우븐'],['무지'],라운드넥,노멀,,,,,
22,1034191,펑크,"아우터, 하의",4,노말,베이지,재킷,셔츠칼라,"['포켓', '퍼프']",긴팔,['우븐'],['무지'],,루즈,발목,블루,청바지,['데님'],['무지'],루즈,,,,,,,,,,,,,,,,,,,['디스트로이드'],,,,
23,1039696,펑크,"아우터, 하의",4,노말,그린,재킷,테일러드칼라,"['단추', '지퍼']",긴팔,['가죽'],['무지'],,루즈,발목,블랙,팬츠,['우븐'],['무지'],스키니,,,,,,,,,,,,,,,,,,,,,,,
24,1039698,펑크,"아우터, 하의",4,노말,그린,재킷,테일러드칼라,"['단추', '지퍼']",긴팔,['가죽'],['무지'],,루즈,,블랙,,,,,,,,,,,,,,,,,,,,,,,,,,,
25,1039699,펑크,"아우터, 하의",4,노말,그린,재킷,테일러드칼라,"['단추', '지퍼']",긴팔,['가죽'],['무지'],,루즈,발목,블랙,팬츠,['우븐'],['무지'],스키니,,,,,,,,,,,,,,,,,,,,,,,
26,1039700,펑크,"아우터, 하의",4,노말,그린,재킷,테일러드칼라,"['단추', '지퍼']",긴팔,['가죽'],['무지'],,루즈,,블랙,,,,,,,,,,,,,,,,,,,,,,,,,,,
27,1039703,펑크,"아우터, 하의",4,노말,그린,재킷,테일러드칼라,"['단추', '지퍼']",긴팔,['가죽'],['무지'],,루즈,,블랙,,,,,,,,,,,,,,,,,,,,,,,,,,,
28,1039704,펑크,"아우터, 하의",4,노말,그린,재킷,테일러드칼라,"['단추', '지퍼']",긴팔,['가죽'],['무지'],,루즈,,블랙,,,,,,,,,,,,,,,,,,,,,,,,,,,
29,1039705,펑크,"아우터, 하의",4,노말,그린,재킷,테일러드칼라,"['단추', '지퍼']",긴팔,['가죽'],['무지'],,루즈,발목,블랙,팬츠,['우븐'],['무지'],스키니,,,,,,,,,,,,,,,,,,,,,,,
30,1134526,펑크,"하의, 상의",3,,,,,,,,,,,발목,블랙,팬츠,['니트'],['체크'],스키니,네이비,긴팔,,,,,,,,,,,,티셔츠,['니트'],,라운드넥,노멀,['포켓'],와인,노멀,레드,['자수']
31,1134528,펑크,"하의, 상의",3,,,,,,,,,,,발목,블랙,팬츠,['니트'],['체크'],스키니,네이비,긴팔,,,,,,,,,,,,티셔츠,['니트'],,라운드넥,노멀,['포켓'],와인,노멀,레드,['자수']
32,1134529,펑크,"하의, 상의",3,,,,,,,,,,,발목,블랙,팬츠,['니트'],['체크'],스키니,네이비,긴팔,,,,,,,,,,,,티셔츠,['니트'],,라운드넥,노멀,['포켓'],와인,노멀,레드,['자수']
33,1134530,펑크,"하의, 상의",3,,,,,,,,,,,발목,블랙,팬츠,['니트'],['체크'],스키니,네이비,긴팔,,,,,,,,,,,,티셔츠,['니트'],,라운드넥,노멀,['포켓'],와인,노멀,베이지,['자수']
34,1159989,펑크,"하의, 상의",3,,,,,,,,,,,발목,블랙,스커트,"['메시', '저지']",['레터링'],노멀,화이트,민소매,,,,,,,,,,,,티셔츠,['저지'],,라운드넥,타이트,,,노멀,,
35,1159990,펑크,"하의, 상의",3,,,,,,,,,,,발목,블랙,스커트,"['메시', '저지']",,노멀,화이트,민소매,,,,,,,,,,,,티셔츠,['저지'],,라운드넥,타이트,,,노멀,,
36,1159991,펑크,"하의, 상의",3,,,,,,,,,,,발목,블랙,스커트,"['메시', '저지']",['레터링'],노멀,화이트,민소매,,,,,,,,,,,,티셔츠,['저지'],,라운드넥,타이트,,,노멀,,
37,1159992,펑크,"하의, 상의",3,,,,,,,,,,,발목,블랙,스커트,"['메시', '저지']",['레터링'],노멀,화이트,민소매,,,,,,,,,,,,티셔츠,['저지'],,라운드넥,타이트,,,노멀,,
38,1162142,펑크,"하의, 상의",3,,,,,,,,,,,미니,브라운,스커트,['시폰'],['호피'],루즈,블랙,긴팔,,,,,,,,,,,,니트웨어,['니트'],['무지'],스위트하트,루즈,['플레어'],블랙,노멀,화이트,['단추']
39,1162143,펑크,"하의, 상의",3,,,,,,,,,,,미니,브라운,스커트,['시폰'],['호피'],루즈,블랙,긴팔,,,,,,,,,,,,니트웨어,['니트'],['무지'],스위트하트,루즈,['플레어'],블랙,노멀,화이트,['단추']
40,1162147,펑크,"하의, 상의",3,,,,,,,,,,,미니,브라운,스커트,['시폰'],['호피'],루즈,블랙,긴팔,,,,,,,,,,,,니트웨어,['니트'],['무지'],스위트하트,루즈,['플레어'],블랙,노멀,화이트,['단추']
41,1162148,펑크,"하의, 상의",3,,,,,,,,,,,미니,브라운,스커트,['시폰'],['호피'],루즈,블랙,긴팔,,,,,,,,,,,,니트웨어,['니트'],['무지'],스위트하트,루즈,['플레어'],블랙,노멀,화이트,['단추']
42,1162149,펑크,"하의, 상의",3,,,,,,,,,,,미니,브라운,스커트,['시폰'],['호피'],루즈,블랙,긴팔,,,,,,,,,,,,니트웨어,['니트'],['무지'],스위트하트,루즈,['플레어'],블랙,노멀,,['단추']
43,1162150,펑크,"하의, 상의",3,,,,,,,,,,,미니,브라운,스커트,['시폰'],['호피'],루즈,블랙,긴팔,,,,,,,,,,,,니트웨어,['니트'],['무지'],스위트하트,루즈,['플레어'],블랙,노멀,화이트,['단추']
44,1162151,펑크,"하의, 상의",3,,,,,,,,,,,미니,브라운,스커트,['시폰'],['호피'],루즈,블랙,긴팔,,,,,,,,,,,,니트웨어,['니트'],['무지'],스위트하트,루즈,['플레어'],블랙,노멀,화이트,['단추']
45,1162152,펑크,"하의, 상의",3,,,,,,,,,,,미니,브라운,스커트,['시폰'],['호피'],루즈,블랙,긴팔,,,,,,,,,,,,니트웨어,['니트'],['무지'],스위트하트,루즈,['플레어'],블랙,노멀,화이트,['단추']
46,1162153,펑크,"하의, 상의",3,,,,,,,,,,,미니,브라운,스커트,['시폰'],['호피'],루즈,블랙,긴팔,,,,,,,,,,,,니트웨어,['니트'],['무지'],스위트하트,루즈,['플레어'],블랙,노멀,화이트,['단추']
47,1247521,펑크,"아우터, 하의, 상의",10,,그린,,,,반팔,,,,,발목,블랙,스커트,['가죽'],['무지'],노멀,,,,,,,,,,,,,,탑,['가죽'],['무지'],,노멀,,,크롭,,"['리본', '퍼프']"
48,1247522,펑크,"아우터, 하의, 상의",10,,그린,,,,반팔,,,,,발목,블랙,스커트,['가죽'],['무지'],노멀,,,,,,,,,,,,,,탑,['가죽'],['무지'],라운드넥,노멀,,,크롭,,['퍼프']
49,1247523,펑크,"아우터, 상의",2,,그린,,,,반팔,,,,,,,,,,,,,,,,,,,,,,,,탑,['가죽'],['무지'],라운드넥,노멀,,,크롭,,['퍼프']
50,1247524,펑크,"아우터, 상의",2,,그린,,,,반팔,,,,,,,,,,,,,,,,,,,,,,,,탑,['가죽'],['무지'],라운드넥,노멀,,,크롭,,['퍼프']
51,1247527,펑크,"아우터, 상의",2,,그린,,,,반팔,,,,,,,,,,,,,,,,,,,,,,,,탑,['가죽'],['무지'],라운드넥,노멀,,,크롭,,['퍼프']
52,1247528,펑크,"아우터, 상의",2,,그린,,,,반팔,,,,,,,,,,,,,,,,,,,,,,,,탑,['가죽'],['무지'],라운드넥,노멀,,,크롭,,['퍼프']
53,1308414,펑크,"아우터, 하의, 상의",10,노말,블랙,재킷,,"['단추', '지퍼']",긴팔,['가죽'],['무지'],,노멀,발목,블루,청바지,['데님'],['무지'],노멀,화이트,긴팔,,,,,,,,,,,,티셔츠,,['무지'],라운드넥,노멀,,,,,
54,1308420,펑크,"아우터, 상의",2,노말,블랙,재킷,,"['단추', '지퍼']",긴팔,['가죽'],['무지'],,노멀,,,,,,,화이트,없음,,,,,,,,,,,,티셔츠,,['무지'],라운드넥,노멀,,,,,
55,1308421,펑크,"아우터, 상의",2,노말,블랙,재킷,,"['단추', '지퍼']",긴팔,['가죽'],['무지'],,노멀,,,,,,,화이트,없음,,,,,,,,,,,,티셔츠,,['무지'],라운드넥,노멀,,,,,
56,1308422,펑크,"아우터, 상의",2,노말,블랙,재킷,,"['단추', '지퍼']",긴팔,['가죽'],['무지'],,노멀,,,,,,,화이트,없음,,,,,,,,,,,,티셔츠,,['무지'],라운드넥,노멀,,,,,
57,1308423,펑크,"아우터, 상의",2,노말,블랙,재킷,,"['단추', '지퍼']",긴팔,['가죽'],['무지'],,노멀,,,,,,,화이트,없음,,,,,,,,,,,,티셔츠,,['무지'],라운드넥,노멀,,,,,
58,1308424,펑크,"아우터, 상의",2,노말,블랙,재킷,,"['단추', '지퍼']",긴팔,['가죽'],['무지'],,노멀,,,,,,,화이트,없음,,,,,,,,,,,,티셔츠,,['무지'],라운드넥,노멀,,,,,
59,1308427,펑크,"아우터, 상의",2,노말,블랙,재킷,,"['단추', '지퍼']",긴팔,['가죽'],['무지'],,노멀,,,,,,,화이트,없음,,,,,,,,,,,,티셔츠,,['무지'],라운드넥,노멀,,,,,
60,1308428,펑크,"아우터, 상의",2,노말,블랙,재킷,,"['단추', '지퍼']",긴팔,['가죽'],['무지'],,노멀,,,,,,,화이트,없음,,,,,,,,,,,,티셔츠,,['무지'],라운드넥,노멀,,,,,
61,13812,펑크,"아우터, 하의, 상의",10,노말,블랙,재킷,셔츠칼라,['단추'],긴팔,['가죽'],['무지'],,노멀,미디,화이트,스커트,['린넨'],['체크'],노멀,베이지,긴팔,,,,,,,,,,,,티셔츠,['저지'],['무지'],라운드넥,루즈,"['셔링', '스트링']",블랙,노멀,,
62,13813,펑크,"아우터, 하의, 상의",10,노말,블랙,재킷,셔츠칼라,"['포켓', '단추']",긴팔,['가죽'],['무지'],라운드넥,노멀,미디,화이트,스커트,['린넨'],['체크'],노멀,베이지,긴팔,,,,,,,,,,,,티셔츠,['저지'],['무지'],라운드넥,루즈,"['셔링', '스트링']",블랙,노멀,,
63,13814,펑크,"아우터, 하의, 상의",10,노말,블랙,재킷,셔츠칼라,"['포켓', '단추']",긴팔,['가죽'],['무지'],라운드넥,노멀,미디,화이트,스커트,['린넨'],['체크'],노멀,베이지,긴팔,,,,,,,,,,,,티셔츠,['저지'],['무지'],라운드넥,루즈,"['셔링', '스트링']",블랙,노멀,,
64,13815,펑크,"아우터, 하의, 상의",10,노말,블랙,재킷,셔츠칼라,"['포켓', '단추']",긴팔,['가죽'],['무지'],라운드넥,노멀,미디,화이트,스커트,['린넨'],['체크'],노멀,베이지,긴팔,,,,,,,,,,,,,,,,,"['셔링', '스트링']",블랙,,,
65,13825,펑크,"아우터, 하의, 상의",10,노말,블랙,재킷,셔츠칼라,['단추'],긴팔,['가죽'],['무지'],,노멀,미디,화이트,스커트,['린넨'],['체크'],노멀,베이지,긴팔,,,,,,,,,,,,티셔츠,['저지'],['무지'],라운드넥,루즈,"['셔링', '스트링']",블랙,노멀,,
66,163237,펑크,"원피스, 상의",5,,,,,,,,,,,,,,,,,,,,미니,드레스,['셔링'],['가죽'],['무지'],,노멀,카키,,민소매,탑,['니트'],['무지'],라운드넥,타이트,,,,,
67,163238,펑크,"원피스, 상의",5,,,,,,,,,,,,,,,,,,,,미니,드레스,['셔링'],['가죽'],['무지'],,노멀,카키,,민소매,탑,['니트'],['무지'],라운드넥,타이트,,,,,
68,163239,펑크,"원피스, 상의",5,,,,,,,,,,,,,,,,,,,,미니,드레스,['셔링'],['가죽'],['무지'],,노멀,카키,,민소매,탑,['니트'],['무지'],라운드넥,타이트,,,,,
69,163240,펑크,"원피스, 상의",5,,,,,,,,,,,,,,,,,,,,미니,드레스,['셔링'],['가죽'],['무지'],,노멀,카키,,민소매,탑,['니트'],['무지'],라운드넥,타이트,,,,,
70,163241,펑크,"원피스, 상의",5,,,,,,,,,,,,,,,,,,,,미니,드레스,['셔링'],['가죽'],['무지'],,노멀,카키,,민소매,탑,['니트'],['무지'],라운드넥,타이트,,,,,
71,163242,펑크,"원피스, 상의",5,,,,,,,,,,,,,,,,,,,,미니,드레스,['셔링'],['가죽'],['무지'],,노멀,카키,,민소매,탑,['니트'],['무지'],라운드넥,타이트,,,,,
72,163243,펑크,"원피스, 상의",5,,,,,,,,,,,,,,,,,,,,미니,드레스,,['가죽'],['무지'],,노멀,카키,,민소매,탑,['니트'],['무지'],라운드넥,타이트,,,,,
73,165477,펑크,"하의, 상의",3,,,,,,,,,,,,네이비,,,,,화이트,반팔,,,,,,,,,,,,티셔츠,['저지'],"['그래픽', '레터링']",라운드넥,노멀,,,,블랙,['슬릿']
74,165482,펑크,"하의, 상의",3,,,,,,,,,,,,네이비,,,,,화이트,반팔,,,,,,,,,,,,티셔츠,['저지'],"['그래픽', '레터링']",라운드넥,노멀,,,,블랙,['슬릿']
75,165483,펑크,"하의, 상의",3,,,,,,,,,,,,네이비,,,,,화이트,반팔,,,,,,,,,,,,티셔츠,['저지'],"['그래픽', '레터링']",,노멀,,,롱,블랙,['슬릿']
76,282768,펑크,"하의, 상의",3,,,,,,,,,,,발목,블랙,팬츠,"['패딩', '우븐']",['무지'],스키니,화이트,긴팔,,,,,,,,,,,,티셔츠,['저지'],['무지'],라운드넥,타이트,"['지퍼', '퀄팅']",그레이,노멀,,
77,371084,펑크,"아우터, 하의",4,하프,카키,재킷,셔츠칼라,"['포켓', '띠']",긴팔,['가죽'],['무지'],,노멀,발목,블랙,팬츠,['우븐'],['무지'],와이드,,,,,,,,,,,,,,,,,,,['슬릿'],,,,
78,371091,펑크,"아우터, 하의",4,하프,카키,재킷,,['슬릿'],긴팔,['가죽'],['무지'],,노멀,미니,카키,스커트,['가죽'],['무지'],노멀,,,,,,,,,,,,,,,,,,,,,,,
79,371095,펑크,"아우터, 하의",4,하프,카키,재킷,,['슬릿'],7부소매,['가죽'],['무지'],,노멀,미니,,스커트,['가죽'],['무지'],노멀,,,,,,,,,,,,,,,,,,,,,,,
80,371148,펑크,"아우터, 하의",4,하프,블랙,재킷,숄칼라,['드롭숄더'],긴팔,['가죽'],['무지'],,루즈,발목,스카이블루,청바지,['데님'],['무지'],노멀,,,,,,,,,,,,,,,,,,,,,,,
81,371149,펑크,"아우터, 상의",2,하프,그린,재킷,숄칼라,['드롭숄더'],긴팔,['가죽'],['무지'],,루즈,,,,,,,,,,,,,,,,,,,,탑,['우븐'],['무지'],유넥,타이트,,,크롭,,['셔링']
82,376724,펑크,"아우터, 하의",4,하프,레드,점퍼,,['스트링'],긴팔,['울/캐시미어'],['체크'],후드,노멀,발목,블랙,청바지,['데님'],['무지'],스키니,,,블랙,,,,,,,,,,,,,,,,,,,,
83,376725,펑크,"아우터, 하의",4,하프,레드,점퍼,,['스트링'],긴팔,['울/캐시미어'],['체크'],후드,노멀,발목,블랙,청바지,['데님'],['무지'],스키니,,,블랙,,,,,,,,,,,,,,,,,,,,
84,376730,펑크,"아우터, 하의",4,하프,레드,점퍼,,['스트링'],긴팔,['울/캐시미어'],['체크'],후드,노멀,발목,블랙,청바지,['데님'],['무지'],스키니,,,블랙,,,,,,,,,,,,,,,,,,,,
85,383236,펑크,"하의, 상의",3,,,,,,,,,,,발목,블랙,팬츠,['가죽'],['무지'],스키니,그레이,7부소매,,,,,,,,,,,,티셔츠,['우븐'],['무지'],라운드넥,노멀,['지퍼'],,노멀,,
86,383237,펑크,"하의, 상의",3,,,,,,,,,,,발목,블랙,팬츠,['가죽'],['무지'],스키니,그레이,7부소매,,,,,,,,,,,,티셔츠,['우븐'],['무지'],라운드넥,노멀,['지퍼'],,노멀,,
87,384390,펑크,"하의, 상의",3,,,,,,,,,,,미니,블랙,팬츠,['데님'],,노멀,화이트,반팔,,,,,,,,,,,,티셔츠,['니트'],['그래픽'],라운드넥,노멀,"['프린지', '자수']",화이트,,블랙,
88,384391,펑크,"하의, 상의",3,,,,,,,,,,,미니,블랙,팬츠,['데님'],,노멀,화이트,반팔,,,,,,,,,,,,티셔츠,['니트'],['그래픽'],라운드넥,노멀,"['프린지', '자수']",화이트,,블랙,
89,384392,펑크,"하의, 상의",3,,,,,,,,,,,미니,블랙,팬츠,['데님'],,노멀,화이트,반팔,,,,,,,,,,,,티셔츠,['니트'],['그래픽'],라운드넥,노멀,"['프린지', '자수']",화이트,,블랙,
90,384849,펑크,"하의, 상의",3,,,,,,,,,,,미니,스카이블루,청바지,['데님'],['무지'],스키니,블랙,반팔,,,,,,,,,,,,티셔츠,['니트'],['그래픽'],라운드넥,루즈,,,,,
91,384852,펑크,"하의, 상의",3,,,,,,,,,,,미니,스카이블루,청바지,['데님'],['무지'],스키니,블랙,반팔,,,,,,,,,,,,티셔츠,['니트'],['그래픽'],라운드넥,루즈,,,,화이트,
92,384853,펑크,"하의, 상의",3,,,,,,,,,,,미니,스카이블루,청바지,['데님'],['무지'],스키니,블랙,반팔,,,,,,,,,,,,티셔츠,['니트'],['그래픽'],라운드넥,루즈,,,,화이트,
93,38588,펑크,"아우터, 하의, 상의",10,롱,블랙,재킷,,['지퍼'],긴팔,"['가죽', '우븐']",['무지'],노카라,노멀,발목,블루,청바지,['데님'],['무지'],스키니,,,,,,,,,,,,,,티셔츠,['저지'],['무지'],라운드넥,타이트,['스티치'],,노멀,,
94,38594,펑크,"아우터, 하의, 상의",10,롱,블랙,재킷,,['지퍼'],긴팔,"['가죽', '우븐']",['무지'],노카라,노멀,발목,블루,청바지,['데님'],['무지'],스키니,,,,,,,,,,,,,,티셔츠,['저지'],['무지'],라운드넥,타이트,['스티치'],,노멀,,
95,547547,펑크,"하의, 상의",3,,,,,,,,,,,,블랙,래깅스,['저지'],['무지'],스키니,그레이,캡,,,,,,,,,,,,탑,['울/캐시미어'],,라운드넥,노멀,,,롱,실버,['스터드']
96,547552,펑크,"하의, 상의",3,,,,,,,,,,,,블랙,래깅스,['저지'],['무지'],스키니,그레이,캡,,,,,,,,,,,,탑,['울/캐시미어'],,라운드넥,노멀,,,롱,실버,['스터드']
97,547555,펑크,"하의, 상의",3,,,,,,,,,,,,블랙,래깅스,['저지'],['무지'],스키니,그레이,캡,,,,,,,,,,,,탑,['울/캐시미어'],,라운드넥,노멀,,,롱,실버,['스터드']
98,548126,펑크,"하의, 상의",3,,,,,,,,,,,발목,블랙,팬츠,['우븐'],['무지'],스키니,블랙,반팔,,,,,,,,,,,,티셔츠,['우븐'],['무지'],유넥,루즈,,,롱,화이트,"['스팽글', '드롭숄더', '포켓']"
99,548128,펑크,"하의, 상의",3,,,,,,,,,,,발목,블랙,팬츠,['우븐'],['무지'],스키니,블랙,반팔,,,,,,,,,,,,티셔츠,['우븐'],['무지'],유넥,루즈,,,롱,,"['스팽글', '드롭숄더', '포켓']"
100,548129,펑크,"하의, 상의",3,,,,,,,,,,,발목,블랙,팬츠,['우븐'],['무지'],스키니,블랙,반팔,,,,,,,,,,,,티셔츠,['우븐'],['무지'],유넥,루즈,,,롱,화이트,"['스팽글', '드롭숄더', '포켓']"
101,548137,펑크,"하의, 상의",3,,,,,,,,,,,발목,블랙,팬츠,['우븐'],['무지'],스키니,블랙,반팔,,,,,,,,,,,,티셔츠,['우븐'],['무지'],유넥,루즈,,,롱,화이트,"['스팽글', '드롭숄더', '포켓']"
102,548156,펑크,"하의, 상의",3,,,,,,,,,,,발목,블랙,팬츠,['우븐'],['무지'],스키니,블랙,반팔,,,,,,,,,,,,티셔츠,['우븐'],['무지'],유넥,루즈,,,롱,화이트,"['스팽글', '드롭숄더', '포켓']"
103,548159,펑크,"하의, 상의",3,,,,,,,,,,,발목,블랙,팬츠,['우븐'],['무지'],스키니,블랙,반팔,,,,,,,,,,,,티셔츠,['우븐'],['무지'],유넥,루즈,,,롱,화이트,"['스팽글', '드롭숄더', '포켓']"
104,548162,펑크,"하의, 상의",3,,,,,,,,,,,발목,블랙,팬츠,['우븐'],['무지'],스키니,블랙,반팔,,,,,,,,,,,,티셔츠,['우븐'],['무지'],유넥,루즈,,,롱,화이트,"['스팽글', '드롭숄더', '포켓']"
105,550144,펑크,"하의, 상의",3,,,,,,,,,,,발목,블랙,팬츠,,['무지'],스키니,블랙,반팔,,,,,,,,,,,,티셔츠,['니트'],['무지'],유넥,노멀,,,롱,그레이,['자수']
106,550153,펑크,"원피스, 상의",5,,,,,,,,,,,,,,,,,블랙,긴팔,,미니,드레스,,"['니트', '실크']",['무지'],라운드넥,노멀,,,,,,,,,,,,,
107,550166,펑크,"아우터, 상의",2,하프,,재킷,,"['스팽글', '글리터']",,,['무지'],브이넥,노멀,,,,,,,실버,긴팔,,,,,,,,,,,,,,,,,,,,그레이,
108,558279,펑크,"하의, 상의",3,,,,,,,,,,,,블랙,래깅스,['스판덱스'],['무지'],스키니,블랙,긴팔,,,,,,,,,,,,블라우스,"['시폰', '우븐']",['무지'],유넥,루즈,,,롱,,['퍼프']
109,558280,펑크,"하의, 상의",3,,,,,,,,,,,,블랙,래깅스,['스판덱스'],['무지'],스키니,블랙,긴팔,,,,,,,,,,,,블라우스,"['시폰', '우븐']",['무지'],,루즈,,,롱,,['퍼프']
110,558282,펑크,"하의, 상의",3,,,,,,,,,,,,블랙,래깅스,['스판덱스'],['무지'],스키니,블랙,긴팔,,,,,,,,,,,,블라우스,"['시폰', '우븐']",['무지'],라운드넥,루즈,,,롱,,"['퍼프', '단추']"
111,558285,펑크,"하의, 상의",3,,,,,,,,,,,,블랙,래깅스,['스판덱스'],['무지'],스키니,블랙,긴팔,,,,,,,,,,,,블라우스,"['시폰', '우븐']",['무지'],유넥,루즈,,,롱,,['퍼프']
112,558289,펑크,"하의, 상의",3,,,,,,,,,,,,블랙,래깅스,['스판덱스'],['무지'],스키니,블랙,긴팔,,,,,,,,,,,,블라우스,"['시폰', '우븐']",['무지'],유넥,루즈,,,롱,,['퍼프']
113,558296,펑크,"하의, 상의",3,,,,,,,,,,,,블랙,래깅스,['스판덱스'],['무지'],스키니,블랙,긴팔,,,,,,,,,,,,블라우스,"['시폰', '우븐']",['무지'],유넥,루즈,,,롱,,['퍼프']
114,558299,펑크,"하의, 상의",3,,,,,,,,,,,,블랙,래깅스,['스판덱스'],['무지'],스키니,블랙,긴팔,,,,,,,,,,,,블라우스,"['시폰', '우븐']",['무지'],,루즈,,,롱,,['퍼프']
115,558301,펑크,"하의, 상의",3,,,,,,,,,,,,블랙,래깅스,['스판덱스'],['무지'],스키니,블랙,긴팔,,,,,,,,,,,,블라우스,"['시폰', '우븐']",['무지'],라운드넥,루즈,,,롱,,"['퍼프', '단추']"
116,558304,펑크,"하의, 상의",3,,,,,,,,,,,,블랙,래깅스,['스판덱스'],['무지'],스키니,블랙,긴팔,,,,,,,,,,,,블라우스,"['시폰', '우븐']",['무지'],라운드넥,루즈,,,롱,,"['퍼프', '단추']"
117,558308,펑크,"하의, 상의",3,,,,,,,,,,,,블랙,래깅스,['스판덱스'],['무지'],스키니,블랙,긴팔,,,,,,,,,,,,블라우스,"['시폰', '우븐']",['무지'],유넥,루즈,,,롱,,['퍼프']
118,558310,펑크,"하의, 상의",3,,,,,,,,,,,,블랙,래깅스,['스판덱스'],['무지'],스키니,블랙,긴팔,,,,,,,,,,,,블라우스,"['시폰', '우븐']",['무지'],유넥,루즈,,,롱,,['퍼프']
119,561203,펑크,"하의, 상의",3,,,,,,,,,,,발목,블랙,팬츠,['우븐'],,스키니,블랙,반팔,,,,,,,,,,,,티셔츠,['저지'],,브이넥,노멀,,,롱,,
120,561204,펑크,"하의, 상의",3,,,,,,,,,,,발목,블랙,팬츠,['우븐'],,스키니,블랙,반팔,,,,,,,,,,,,티셔츠,['저지'],,브이넥,노멀,,,롱,,
121,561206,펑크,"하의, 상의",3,,,,,,,,,,,발목,블랙,팬츠,['우븐'],,스키니,블랙,반팔,,,,,,,,,,,,티셔츠,['저지'],,브이넥,노멀,,,롱,,
122,561211,펑크,"하의, 상의",3,,,,,,,,,,,발목,블랙,팬츠,['우븐'],,스키니,블랙,반팔,,,,,,,,,,,,티셔츠,['저지'],,브이넥,노멀,,,롱,,
123,561212,펑크,"하의, 상의",3,,,,,,,,,,,발목,블랙,팬츠,['우븐'],,스키니,블랙,반팔,,,,,,,,,,,,티셔츠,['저지'],,브이넥,노멀,,,롱,,
124,564361,펑크,"아우터, 상의",2,롱,,코트,폴로칼라,['스터드'],,,['무지'],,노멀,,,,,,,네이비,긴팔,,,,,,,,,,,,,,,,,,,,,
125,590530,펑크,"하의, 상의",3,,,,,,,,,,,,블랙,팬츠,['우븐'],['무지'],노멀,블랙,반팔,,,,,,,,,,,,티셔츠,"['니트', '우븐']",['믹스'],보트넥,노멀,,,롱,화이트,
126,590532,펑크,"하의, 상의",3,,,,,,,,,,,,블랙,팬츠,['우븐'],['무지'],노멀,블랙,반팔,,,,,,,,,,,,티셔츠,"['니트', '우븐']",['믹스'],보트넥,노멀,,,롱,화이트,
127,590533,펑크,"하의, 상의",3,,,,,,,,,,,,블랙,팬츠,['우븐'],['무지'],노멀,블랙,반팔,,,,,,,,,,,,티셔츠,"['니트', '우븐']",['믹스'],보트넥,노멀,,,롱,화이트,
128,590537,펑크,"하의, 상의",3,,,,,,,,,,,,블랙,팬츠,['우븐'],['무지'],노멀,블랙,반팔,,,,,,,,,,,,티셔츠,"['니트', '우븐']",['믹스'],보트넥,노멀,,,롱,화이트,
129,590539,펑크,"하의, 상의",3,,,,,,,,,,,,블랙,팬츠,['우븐'],['무지'],노멀,블랙,반팔,,,,,,,,,,,,티셔츠,"['니트', '우븐']",['믹스'],보트넥,노멀,,,롱,화이트,
130,590541,펑크,"하의, 상의",3,,,,,,,,,,,,블랙,팬츠,['우븐'],['무지'],노멀,블랙,반팔,,,,,,,,,,,,티셔츠,"['니트', '우븐']",['믹스'],보트넥,노멀,,,롱,화이트,
131,590542,펑크,"하의, 상의",3,,,,,,,,,,,,블랙,팬츠,['우븐'],['무지'],노멀,블랙,반팔,,,,,,,,,,,,티셔츠,"['니트', '우븐']",['믹스'],보트넥,노멀,,,롱,화이트,
132,592134,펑크,"아우터, 하의",4,노말,블랙,재킷,,,반팔,['가죽'],['무지'],,타이트,발목,블랙,팬츠,['데님'],['무지'],스키니,,,,,,,,,,,,,,,,,,,,,,,
133,592135,펑크,"아우터, 하의",4,노말,블랙,재킷,,,반팔,['가죽'],['무지'],,타이트,발목,블랙,팬츠,['데님'],['무지'],스키니,,,,,,,,,,,,,,,,,,,,,,,
134,592139,펑크,"아우터, 하의",4,노말,블랙,재킷,,,반팔,['가죽'],['무지'],,타이트,발목,블랙,팬츠,['데님'],['무지'],스키니,,,,,,,,,,,,,,,,,,,,,,,
135,592140,펑크,"아우터, 하의",4,노말,블랙,재킷,,,긴팔,['가죽'],['무지'],,타이트,발목,블랙,팬츠,['데님'],['무지'],스키니,,,,,,,,,,,,,,,,,,,,,,,
136,592141,펑크,"아우터, 하의",4,노말,블랙,재킷,,,긴팔,['가죽'],['무지'],,타이트,발목,블랙,팬츠,['데님'],['무지'],스키니,,,,,,,,,,,,,,,,,,,,,,,
137,592142,펑크,"아우터, 하의",4,노말,블랙,재킷,,,긴팔,['가죽'],['무지'],,타이트,발목,블랙,팬츠,['데님'],['무지'],스키니,,,,,,,,,,,,,,,,,,,,,,,
138,604503,펑크,"아우터, 하의",4,하프,브라운,재킷,테일러드칼라,['싱글브레스티드'],7부소매,['가죽'],['무지'],,오버사이즈,발목,스카이블루,청바지,['데님'],,노멀,,,,,,,,,,,,,,,,,,,['디스트로이드'],,,,
139,604504,펑크,"아우터, 하의",4,하프,브라운,재킷,테일러드칼라,['싱글브레스티드'],7부소매,['가죽'],['무지'],,오버사이즈,발목,스카이블루,청바지,['데님'],,노멀,,,,,,,,,,,,,,,,,,,['디스트로이드'],,,,
140,777021,펑크,"하의, 상의",3,,,,,,,,,,,발목,블루,청바지,['데님'],['무지'],벨보텀,그레이,반팔,,,,,,,,,,,,탑,['시폰'],,라운드넥,노멀,['포켓'],,노멀,실버,
141,777022,펑크,"하의, 상의",3,,,,,,,,,,,발목,블루,청바지,['데님'],['무지'],벨보텀,그레이,반팔,,,,,,,,,,,,탑,['시폰'],,라운드넥,노멀,['포켓'],,노멀,실버,
142,777023,펑크,"하의, 상의",3,,,,,,,,,,,발목,블루,청바지,['데님'],['무지'],벨보텀,그레이,반팔,,,,,,,,,,,,탑,['시폰'],,라운드넥,노멀,['포켓'],,노멀,실버,
143,777024,펑크,"하의, 상의",3,,,,,,,,,,,발목,블루,청바지,['데님'],['무지'],벨보텀,그레이,반팔,,,,,,,,,,,,탑,['시폰'],,라운드넥,노멀,['포켓'],,노멀,실버,
144,777025,펑크,"하의, 상의",3,,,,,,,,,,,발목,블루,청바지,['데님'],['무지'],벨보텀,그레이,반팔,,,,,,,,,,,,탑,['시폰'],,라운드넥,노멀,['포켓'],,노멀,실버,
145,777026,펑크,"하의, 상의",3,,,,,,,,,,,발목,블루,청바지,['데님'],['무지'],벨보텀,그레이,반팔,,,,,,,,,,,,탑,['시폰'],,라운드넥,노멀,['포켓'],,노멀,실버,
146,777029,펑크,"하의, 상의",3,,,,,,,,,,,,블루,,,,,그레이,반팔,,,,,,,,,,,,탑,['시폰'],,라운드넥,노멀,,,노멀,실버,
147,777030,펑크,"하의, 상의",3,,,,,,,,,,,발목,블루,청바지,['데님'],['무지'],벨보텀,그레이,반팔,,,,,,,,,,,,탑,['시폰'],,라운드넥,노멀,['포켓'],,노멀,실버,
148,777031,펑크,"하의, 상의",3,,,,,,,,,,,발목,블루,청바지,['데님'],['무지'],벨보텀,그레이,반팔,,,,,,,,,,,,탑,['시폰'],,라운드넥,노멀,['포켓'],,노멀,실버,
149,777032,펑크,"하의, 상의",3,,,,,,,,,,,발목,블루,청바지,['데님'],['무지'],벨보텀,그레이,반팔,,,,,,,,,,,,탑,['시폰'],,라운드넥,노멀,['포켓'],,노멀,실버,
150,777033,펑크,"하의, 상의",3,,,,,,,,,,,발목,블루,청바지,['데님'],['무지'],벨보텀,그레이,반팔,,,,,,,,,,,,탑,['시폰'],,라운드넥,노멀,['포켓'],,노멀,실버,
151,777034,펑크,"하의, 상의",3,,,,,,,,,,,발목,블루,청바지,['데님'],['무지'],벨보텀,그레이,반팔,,,,,,,,,,,,탑,['시폰'],,라운드넥,노멀,['포켓'],,노멀,실버,
152,777035,펑크,"하의, 상의",3,,,,,,,,,,,발목,블루,청바지,['데님'],['무지'],벨보텀,그레이,반팔,,,,,,,,,,,,탑,['시폰'],,라운드넥,노멀,['포켓'],,노멀,실버,
153,777036,펑크,"하의, 상의",3,,,,,,,,,,,발목,블루,청바지,['데님'],['무지'],벨보텀,그레이,반팔,,,,,,,,,,,,탑,['시폰'],,라운드넥,노멀,['포켓'],,노멀,실버,
154,777039,펑크,"하의, 상의",3,,,,,,,,,,,발목,블루,청바지,['데님'],['무지'],벨보텀,그레이,반팔,,,,,,,,,,,,탑,['시폰'],,라운드넥,노멀,['포켓'],,노멀,실버,
155,777040,펑크,"하의, 상의",3,,,,,,,,,,,발목,블루,청바지,['데님'],['무지'],벨보텀,그레이,반팔,,,,,,,,,,,,탑,['시폰'],,라운드넥,노멀,['포켓'],,노멀,실버,
156,777041,펑크,"하의, 상의",3,,,,,,,,,,,발목,블루,청바지,['데님'],['무지'],벨보텀,그레이,반팔,,,,,,,,,,,,탑,['시폰'],,라운드넥,노멀,['포켓'],,노멀,실버,
157,899708,펑크,"아우터, 원피스",6,노말,블랙,재킷,테일러드칼라,"['지퍼', '단추']",긴팔,['가죽'],['무지'],,노멀,,,,,,,,,,,,,,,,,베이지,,긴팔,,,,,,,,,,
158,899711,펑크,"아우터, 원피스",6,노말,블랙,재킷,테일러드칼라,"['지퍼', '단추']",긴팔,['가죽'],['무지'],,노멀,,,,,,,,,,,,,,,,,베이지,,긴팔,,,,,,,,,,
159,899712,펑크,"아우터, 원피스",6,노말,블랙,재킷,테일러드칼라,"['지퍼', '단추']",긴팔,['가죽'],['무지'],,노멀,,,,,,,,,,,,,,,,,베이지,,긴팔,,,,,,,,,,
160,976409,펑크,"아우터, 하의, 상의",10,노말,블랙,재킷,,,긴팔,['가죽'],['무지'],,노멀,,블랙,청바지,['데님'],['무지'],노멀,,,,,,,,,,,,,,티셔츠,['우븐'],['무지'],라운드넥,노멀,,,,,
161,976410,펑크,"아우터, 하의",4,노말,블랙,재킷,,,긴팔,['가죽'],['무지'],,노멀,맥시,블루,청바지,['데님'],['무지'],루즈,,,,,,,,,,,,,,,,,,,,,,,
162,976411,펑크,"아우터, 하의",4,노말,블랙,재킷,,,긴팔,['가죽'],['무지'],,노멀,맥시,블루,청바지,['데님'],['무지'],루즈,,,,,,,,,,,,,,,,,,,,,,,
163,976412,펑크,"아우터, 하의",4,노말,블랙,재킷,,,긴팔,['가죽'],['무지'],,노멀,,블루,청바지,['데님'],['무지'],노멀,,,,,,,,,,,,,,,,,,,,,,,
164,976413,펑크,"아우터, 하의, 상의",10,노말,블랙,재킷,,,긴팔,['가죽'],['무지'],,노멀,,블루,청바지,['데님'],['무지'],노멀,,,,,,,,,,,,,,티셔츠,['우븐'],['무지'],라운드넥,노멀,,,,,
165,976414,펑크,"아우터, 하의",4,노말,블랙,재킷,,,긴팔,['가죽'],['무지'],,노멀,맥시,블루,청바지,['데님'],['무지'],루즈,,,,,,,,,,,,,,,,,,,,,,,
166,976415,펑크,"아우터, 하의",4,노말,블랙,재킷,,,긴팔,['가죽'],['무지'],,노멀,맥시,블루,청바지,['데님'],['무지'],루즈,,,,,,,,,,,,,,,,,,,,,,,
167,976416,펑크,"아우터, 하의",4,노말,블랙,재킷,,,긴팔,['가죽'],['무지'],,노멀,맥시,블루,청바지,['데님'],['무지'],벨보텀,,,,,,,,,,,,,,,,,,,,,,,
168,976419,펑크,"아우터, 하의, 상의",10,노말,블랙,재킷,,,긴팔,['가죽'],['무지'],,노멀,,블루,청바지,['데님'],['무지'],노멀,화이트,없음,,,,,,,,,,,,티셔츠,['우븐'],['무지'],라운드넥,노멀,,,,,
169,976529,펑크,"아우터, 하의, 상의",10,노말,블랙,재킷,셔츠칼라,['드롭숄더'],긴팔,['가죽'],['무지'],,루즈,,,팬츠,['우븐'],['무지'],노멀,,,,,,,,,,,,,,티셔츠,['우븐'],['무지'],라운드넥,노멀,,,,,
170,976530,펑크,"아우터, 하의, 상의",10,노말,블랙,재킷,셔츠칼라,['드롭숄더'],긴팔,['가죽'],['무지'],,루즈,,,팬츠,['우븐'],['무지'],노멀,화이트,없음,,,,,,,,,,,,티셔츠,['우븐'],['무지'],라운드넥,노멀,,,,,
171,976531,펑크,"아우터, 하의, 상의",10,노말,블랙,재킷,셔츠칼라,['드롭숄더'],긴팔,['가죽'],['무지'],,루즈,,,팬츠,['우븐'],['무지'],노멀,화이트,없음,,,,,,,,,,,,티셔츠,['우븐'],['무지'],라운드넥,노멀,,,,,
172,976533,펑크,"아우터, 하의, 상의",10,노말,블랙,재킷,셔츠칼라,['드롭숄더'],긴팔,['가죽'],['무지'],,루즈,,,팬츠,['우븐'],['무지'],노멀,화이트,없음,,,,,,,,,,,,티셔츠,['우븐'],['무지'],라운드넥,노멀,,,,,
173,994981,펑크,"하의, 상의",3,,,,,,,,,,,발목,그린,스커트,"['우븐', '메시']",['무지'],노멀,화이트,7부소매,,,,,,,,,,,,티셔츠,['우븐'],"['레터링', '무지']",라운드넥,루즈,"['퀄팅', '플레어']",,노멀,레드,
174,994982,펑크,"하의, 상의",3,,,,,,,,,,,발목,그린,스커트,"['우븐', '메시']",['무지'],노멀,화이트,7부소매,,,,,,,,,,,,티셔츠,['우븐'],"['레터링', '무지']",라운드넥,루즈,"['퀄팅', '플레어']",,노멀,레드,
175,994983,펑크,"하의, 상의",3,,,,,,,,,,,발목,그린,스커트,"['우븐', '메시']",['무지'],노멀,화이트,7부소매,,,,,,,,,,,,티셔츠,['우븐'],"['레터링', '무지']",라운드넥,루즈,"['퀄팅', '플레어']",,노멀,레드,
176,994984,펑크,"하의, 상의",3,,,,,,,,,,,발목,그린,스커트,"['우븐', '메시']",['무지'],노멀,화이트,7부소매,,,,,,,,,,,,티셔츠,['우븐'],"['레터링', '무지']",라운드넥,루즈,"['퀄팅', '플레어']",,노멀,레드,
177,994985,펑크,"하의, 상의",3,,,,,,,,,,,발목,그린,스커트,"['우븐', '메시']",['무지'],노멀,화이트,7부소매,,,,,,,,,,,,티셔츠,['우븐'],"['레터링', '무지']",라운드넥,루즈,"['퀄팅', '플레어']",,노멀,레드,
178,994989,펑크,"하의, 상의",3,,,,,,,,,,,발목,그린,스커트,"['우븐', '메시']",['무지'],노멀,화이트,7부소매,,,,,,,,,,,,티셔츠,['우븐'],['무지'],,루즈,['플레어'],,노멀,레드,
179,994990,펑크,"하의, 상의",3,,,,,,,,,,,발목,그린,스커트,"['우븐', '메시']",['무지'],노멀,화이트,7부소매,,,,,,,,,,,,,,,,,"['퀄팅', '플레어']",,,레드,
180,994992,펑크,"하의, 상의",3,,,,,,,,,,,발목,그린,스커트,"['우븐', '메시']",['무지'],노멀,화이트,7부소매,,,,,,,,,,,,티셔츠,['우븐'],"['레터링', '무지']",라운드넥,루즈,"['퀄팅', '플레어']",,노멀,레드,
181,994993,펑크,"하의, 상의",3,,,,,,,,,,,발목,그린,스커트,"['우븐', '메시']",['무지'],노멀,화이트,7부소매,,,,,,,,,,,,티셔츠,['우븐'],"['레터링', '무지']",라운드넥,루즈,"['퀄팅', '플레어']",,노멀,레드,
182,994994,펑크,"하의, 상의",3,,,,,,,,,,,발목,그린,스커트,"['우븐', '메시']",['무지'],노멀,화이트,7부소매,,,,,,,,,,,,티셔츠,['우븐'],"['레터링', '무지']",라운드넥,루즈,"['퀄팅', '플레어']",,노멀,레드,
