,ID,style,clothing_categories,mix_clothing_categories,아우터_기장,아우터_색상,아우터_서브색상,아우터_카테고리,아우터_디테일,아우터_소매기장,아우터_소재,아우터_프린트,아우터_핏,하의_기장,하의_카테고리,하의_소재,하의_프린트,하의_핏,하의_색상,상의_기장,상의_색상,상의_카테고리,상의_디테일,상의_소매기장,상의_소재,상의_프린트,상의_넥라인,상의_핏,하의_디테일,하의_서브색상,상의_서브색상,원피스_기장,원피스_카테고리,원피스_디테일,원피스_소재,원피스_프린트,원피스_넥라인,원피스_핏,아우터_넥라인,아우터_옷깃,상의_옷깃
0,1003806,힙합,"아우터, 하의",4,크롭,블랙,화이트,점퍼,['지퍼'],긴팔,['우븐'],['무지'],노멀,발목,조거팬츠,['우븐'],['무지'],루즈,,,,,,,,,,,,,,,,,,,,,,,
1,1003807,힙합,"아우터, 하의",4,크롭,블랙,화이트,점퍼,['지퍼'],긴팔,['우븐'],['무지'],노멀,발목,조거팬츠,['우븐'],['무지'],루즈,,,,,,,,,,,,,,,,,,,,,,,
2,1003808,힙합,"아우터, 하의",4,크롭,블랙,화이트,점퍼,['지퍼'],긴팔,['우븐'],['무지'],노멀,발목,조거팬츠,['우븐'],['무지'],루즈,,,,,,,,,,,,,,,,,,,,,,,
3,1003809,힙합,"아우터, 하의",4,크롭,블랙,화이트,점퍼,['지퍼'],긴팔,['우븐'],['무지'],노멀,발목,조거팬츠,['우븐'],['무지'],루즈,,,,,,,,,,,,,,,,,,,,,,,
4,1003812,힙합,"아우터, 하의",4,크롭,블랙,화이트,점퍼,['지퍼'],긴팔,['우븐'],['무지'],노멀,발목,조거팬츠,['우븐'],['무지'],루즈,,,,,,,,,,,,,,,,,,,,,,,
5,1003813,힙합,"아우터, 하의",4,크롭,블랙,화이트,점퍼,['지퍼'],긴팔,['우븐'],['무지'],노멀,발목,조거팬츠,['우븐'],['무지'],루즈,실버,,,,,,,,,,,,,,,,,,,,,,
6,1003814,힙합,"아우터, 하의",4,크롭,블랙,화이트,점퍼,['지퍼'],긴팔,['우븐'],['무지'],노멀,발목,조거팬츠,['우븐'],['무지'],루즈,실버,,,,,,,,,,,,,,,,,,,,,,
7,1003815,힙합,"아우터, 하의",4,크롭,블랙,화이트,점퍼,['지퍼'],긴팔,['우븐'],['무지'],노멀,발목,조거팬츠,['우븐'],['무지'],루즈,실버,,,,,,,,,,,,,,,,,,,,,,
8,1003816,힙합,"아우터, 하의",4,크롭,블랙,화이트,점퍼,['지퍼'],긴팔,['우븐'],['무지'],노멀,발목,조거팬츠,['우븐'],['무지'],루즈,실버,,,,,,,,,,,,,,,,,,,,,,
9,1003817,힙합,"아우터, 하의",4,크롭,블랙,화이트,점퍼,['지퍼'],긴팔,['우븐'],['무지'],노멀,발목,조거팬츠,['우븐'],['무지'],루즈,실버,,,,,,,,,,,,,,,,,,,,,,
10,1003818,힙합,"아우터, 하의",4,크롭,블랙,화이트,점퍼,['지퍼'],긴팔,['우븐'],['무지'],노멀,발목,조거팬츠,['우븐'],['무지'],루즈,실버,,,,,,,,,,,,,,,,,,,,,,
11,1003819,힙합,"아우터, 하의",4,크롭,블랙,화이트,점퍼,['지퍼'],긴팔,['우븐'],['무지'],노멀,발목,조거팬츠,['우븐'],['무지'],루즈,실버,,,,,,,,,,,,,,,,,,,,,,
12,1003822,힙합,"아우터, 하의",4,크롭,블랙,화이트,점퍼,['지퍼'],긴팔,['우븐'],['무지'],노멀,발목,조거팬츠,['우븐'],['무지'],루즈,실버,,,,,,,,,,,,,,,,,,,,,,
13,1003823,힙합,"아우터, 하의",4,크롭,블랙,화이트,점퍼,['지퍼'],긴팔,['우븐'],['무지'],노멀,발목,조거팬츠,['우븐'],['무지'],루즈,실버,,,,,,,,,,,,,,,,,,,,,,
14,1003824,힙합,"아우터, 하의",4,크롭,블랙,화이트,점퍼,['지퍼'],긴팔,['우븐'],['무지'],노멀,발목,조거팬츠,['우븐'],['무지'],루즈,실버,,,,,,,,,,,,,,,,,,,,,,
15,1003825,힙합,"아우터, 하의",4,크롭,블랙,화이트,점퍼,['지퍼'],긴팔,['우븐'],['무지'],노멀,발목,조거팬츠,['우븐'],['무지'],루즈,실버,,,,,,,,,,,,,,,,,,,,,,
16,1003826,힙합,"아우터, 하의",4,크롭,블랙,화이트,점퍼,['지퍼'],긴팔,['우븐'],['무지'],노멀,발목,조거팬츠,['우븐'],['무지'],루즈,실버,,,,,,,,,,,,,,,,,,,,,,
17,1003827,힙합,"아우터, 하의",4,크롭,블랙,화이트,점퍼,['지퍼'],긴팔,['우븐'],['무지'],노멀,발목,조거팬츠,['우븐'],['무지'],루즈,실버,,,,,,,,,,,,,,,,,,,,,,
18,1003828,힙합,"아우터, 하의",4,크롭,블랙,화이트,점퍼,['지퍼'],긴팔,['우븐'],['무지'],노멀,발목,조거팬츠,,['무지'],루즈,,,,,,,,,,,,,,,,,,,,,,,
19,1003829,힙합,"아우터, 하의",4,크롭,블랙,화이트,점퍼,['지퍼'],긴팔,['우븐'],['무지'],노멀,발목,조거팬츠,,['무지'],루즈,,,,,,,,,,,,,,,,,,,,,,,
20,1003832,힙합,"아우터, 하의",4,크롭,블랙,화이트,점퍼,['지퍼'],긴팔,['우븐'],['무지'],노멀,발목,조거팬츠,,['무지'],루즈,,,,,,,,,,,,,,,,,,,,,,,
21,1003833,힙합,"아우터, 하의",4,크롭,블랙,화이트,점퍼,['지퍼'],긴팔,['우븐'],['무지'],노멀,발목,조거팬츠,,['무지'],루즈,,,,,,,,,,,,,,,,,,,,,,,
22,1003834,힙합,"아우터, 하의",4,크롭,블랙,화이트,점퍼,['지퍼'],긴팔,['우븐'],['무지'],노멀,발목,조거팬츠,,['무지'],루즈,,,,,,,,,,,,,,,,,,,,,,,
23,1003835,힙합,"아우터, 하의",4,크롭,블랙,화이트,점퍼,['지퍼'],긴팔,['우븐'],['무지'],노멀,발목,조거팬츠,,['무지'],루즈,,,,,,,,,,,,,,,,,,,,,,,
24,1003836,힙합,"아우터, 하의",4,크롭,블랙,화이트,점퍼,['지퍼'],긴팔,['우븐'],['무지'],노멀,발목,조거팬츠,,['무지'],루즈,,,,,,,,,,,,,,,,,,,,,,,
25,1003837,힙합,"아우터, 하의",4,크롭,블랙,화이트,점퍼,['지퍼'],긴팔,['우븐'],['무지'],노멀,발목,조거팬츠,,['무지'],루즈,,,,,,,,,,,,,,,,,,,,,,,
26,1003838,힙합,"아우터, 하의",4,크롭,블랙,화이트,점퍼,['지퍼'],긴팔,['우븐'],['무지'],노멀,발목,조거팬츠,,['무지'],루즈,,,,,,,,,,,,,,,,,,,,,,,
27,1003839,힙합,"아우터, 하의",4,크롭,블랙,화이트,점퍼,['지퍼'],긴팔,['우븐'],['무지'],노멀,발목,조거팬츠,,['무지'],루즈,,,,,,,,,,,,,,,,,,,,,,,
28,1003842,힙합,"아우터, 하의",4,크롭,블랙,화이트,점퍼,['지퍼'],긴팔,['우븐'],['무지'],노멀,발목,조거팬츠,,['무지'],루즈,,,,,,,,,,,,,,,,,,,,,,,
29,1003843,힙합,"아우터, 하의",4,크롭,블랙,화이트,점퍼,['지퍼'],긴팔,['우븐'],['무지'],노멀,발목,조거팬츠,,['무지'],루즈,실버,,,,,,,,,,,,,,,,,,,,,,
30,1003844,힙합,"아우터, 하의",4,크롭,블랙,화이트,점퍼,['지퍼'],긴팔,['우븐'],['무지'],노멀,발목,조거팬츠,,['무지'],루즈,실버,,,,,,,,,,,,,,,,,,,,,,
31,1003845,힙합,"아우터, 하의",4,크롭,블랙,화이트,점퍼,['지퍼'],긴팔,['우븐'],['무지'],노멀,발목,조거팬츠,,['무지'],루즈,실버,,,,,,,,,,,,,,,,,,,,,,
32,1003846,힙합,"아우터, 하의",4,크롭,블랙,화이트,점퍼,['지퍼'],긴팔,['우븐'],['무지'],노멀,발목,조거팬츠,,['무지'],루즈,실버,,,,,,,,,,,,,,,,,,,,,,
33,1003847,힙합,"아우터, 하의",4,크롭,블랙,화이트,점퍼,['지퍼'],긴팔,['우븐'],['무지'],노멀,발목,조거팬츠,,['무지'],루즈,실버,,,,,,,,,,,,,,,,,,,,,,
34,1003848,힙합,"아우터, 하의",4,크롭,블랙,화이트,점퍼,['지퍼'],긴팔,['우븐'],['무지'],노멀,발목,조거팬츠,,['무지'],루즈,실버,,,,,,,,,,,,,,,,,,,,,,
35,1003849,힙합,"아우터, 하의",4,크롭,블랙,화이트,점퍼,['지퍼'],긴팔,['우븐'],['무지'],노멀,발목,조거팬츠,,['무지'],루즈,실버,,,,,,,,,,,,,,,,,,,,,,
36,1003852,힙합,"아우터, 하의",4,크롭,블랙,화이트,점퍼,['지퍼'],긴팔,['우븐'],['무지'],노멀,발목,조거팬츠,,['무지'],루즈,실버,,,,,,,,,,,,,,,,,,,,,,
37,1016427,힙합,"하의, 상의",3,,,,,,,,,,발목,조거팬츠,['우븐'],['무지'],노멀,베이지,롱,민트,후드티,['스트링'],긴팔,['우븐'],['무지'],후드,오버사이즈,,,,,,,,,,,,,
38,1016428,힙합,"하의, 상의",3,,,,,,,,,,발목,조거팬츠,['우븐'],['무지'],노멀,베이지,롱,민트,후드티,['스트링'],긴팔,['우븐'],['무지'],후드,오버사이즈,,,,,,,,,,,,,
39,1016429,힙합,"하의, 상의",3,,,,,,,,,,발목,조거팬츠,['우븐'],['무지'],노멀,베이지,롱,민트,후드티,['스트링'],긴팔,['우븐'],['무지'],후드,오버사이즈,,,,,,,,,,,,,
40,1016430,힙합,"하의, 상의",3,,,,,,,,,,발목,조거팬츠,['우븐'],['무지'],노멀,베이지,롱,민트,후드티,['스트링'],긴팔,['우븐'],['무지'],후드,오버사이즈,,,,,,,,,,,,,
41,1016431,힙합,"하의, 상의",3,,,,,,,,,,발목,조거팬츠,['우븐'],['무지'],노멀,베이지,롱,민트,후드티,['스트링'],긴팔,['우븐'],['무지'],후드,오버사이즈,,,,,,,,,,,,,
42,1016432,힙합,"하의, 상의",3,,,,,,,,,,발목,조거팬츠,['우븐'],['무지'],노멀,베이지,롱,민트,후드티,['스트링'],긴팔,['우븐'],['무지'],후드,오버사이즈,,,,,,,,,,,,,
43,1016433,힙합,"하의, 상의",3,,,,,,,,,,발목,조거팬츠,['우븐'],['무지'],노멀,베이지,롱,민트,후드티,['스트링'],긴팔,['우븐'],['무지'],후드,오버사이즈,,,,,,,,,,,,,
44,1016437,힙합,"하의, 상의",3,,,,,,,,,,발목,조거팬츠,['우븐'],['무지'],노멀,화이트,롱,민트,후드티,['스트링'],긴팔,['우븐'],['무지'],후드,오버사이즈,,,,,,,,,,,,,
45,1016443,힙합,"하의, 상의",3,,,,,,,,,,발목,조거팬츠,['우븐'],['무지'],노멀,화이트,롱,민트,후드티,['스트링'],긴팔,['우븐'],['무지'],후드,오버사이즈,,,,,,,,,,,,,
46,1016444,힙합,"하의, 상의",3,,,,,,,,,,발목,조거팬츠,['우븐'],['무지'],노멀,화이트,롱,민트,후드티,['스트링'],긴팔,['우븐'],['무지'],후드,오버사이즈,,,,,,,,,,,,,
47,1016447,힙합,"하의, 상의",3,,,,,,,,,,발목,조거팬츠,['우븐'],['무지'],노멀,화이트,롱,민트,후드티,['스트링'],긴팔,['우븐'],['무지'],후드,오버사이즈,,,,,,,,,,,,,
48,1016448,힙합,"하의, 상의",3,,,,,,,,,,발목,조거팬츠,['우븐'],['무지'],노멀,화이트,롱,민트,후드티,['스트링'],긴팔,['우븐'],['무지'],후드,오버사이즈,,,,,,,,,,,,,
49,1016449,힙합,"하의, 상의",3,,,,,,,,,,발목,조거팬츠,['우븐'],['무지'],노멀,화이트,롱,민트,후드티,['스트링'],긴팔,['우븐'],['무지'],후드,오버사이즈,,,,,,,,,,,,,
50,1016450,힙합,"하의, 상의",3,,,,,,,,,,발목,조거팬츠,['우븐'],['무지'],노멀,화이트,롱,민트,후드티,['스트링'],긴팔,['우븐'],['무지'],후드,오버사이즈,,,,,,,,,,,,,
51,1016451,힙합,"하의, 상의",3,,,,,,,,,,발목,조거팬츠,['우븐'],['무지'],노멀,화이트,롱,민트,후드티,['스트링'],긴팔,['우븐'],['무지'],후드,오버사이즈,,,,,,,,,,,,,
52,1016457,힙합,"하의, 상의",3,,,,,,,,,,발목,팬츠,['우븐'],['무지'],스키니,화이트,롱,핑크,후드티,['스트링'],7부소매,['우븐'],['무지'],후드,오버사이즈,['롤업'],,,,,,,,,,,,
53,1016458,힙합,"하의, 상의",3,,,,,,,,,,발목,팬츠,['우븐'],['무지'],스키니,화이트,롱,핑크,후드티,['스트링'],7부소매,['우븐'],['무지'],후드,오버사이즈,['롤업'],,,,,,,,,,,,
54,1016459,힙합,"하의, 상의",3,,,,,,,,,,발목,팬츠,['우븐'],['무지'],스키니,화이트,롱,핑크,후드티,['스트링'],7부소매,['우븐'],['무지'],후드,오버사이즈,['롤업'],,,,,,,,,,,,
55,1016460,힙합,"하의, 상의",3,,,,,,,,,,발목,팬츠,['우븐'],['무지'],스키니,화이트,롱,핑크,후드티,['스트링'],긴팔,['우븐'],['무지'],후드,오버사이즈,['롤업'],,,,,,,,,,,,
56,1016461,힙합,"하의, 상의",3,,,,,,,,,,발목,팬츠,['우븐'],['무지'],스키니,화이트,롱,핑크,후드티,['스트링'],긴팔,['우븐'],['무지'],후드,오버사이즈,['롤업'],,,,,,,,,,,,
57,1016462,힙합,"하의, 상의",3,,,,,,,,,,발목,팬츠,['우븐'],['무지'],스키니,화이트,롱,핑크,후드티,['스트링'],긴팔,['우븐'],['무지'],후드,오버사이즈,['롤업'],,,,,,,,,,,,
58,1016463,힙합,"하의, 상의",3,,,,,,,,,,발목,팬츠,['우븐'],['무지'],스키니,화이트,롱,핑크,후드티,['스트링'],긴팔,['우븐'],['무지'],후드,오버사이즈,['롤업'],,,,,,,,,,,,
59,1016464,힙합,"하의, 상의",3,,,,,,,,,,발목,팬츠,['우븐'],['무지'],스키니,화이트,롱,핑크,후드티,['스트링'],긴팔,['우븐'],['무지'],후드,오버사이즈,['롤업'],,,,,,,,,,,,
60,1016468,힙합,"하의, 상의",3,,,,,,,,,,발목,팬츠,['우븐'],['무지'],스키니,화이트,롱,핑크,후드티,['스트링'],긴팔,['우븐'],['무지'],후드,오버사이즈,['롤업'],,,,,,,,,,,,
61,1016469,힙합,"하의, 상의",3,,,,,,,,,,발목,팬츠,['우븐'],['무지'],스키니,화이트,롱,핑크,후드티,['스트링'],긴팔,['우븐'],['무지'],후드,오버사이즈,['롤업'],,,,,,,,,,,,
62,1016470,힙합,"하의, 상의",3,,,,,,,,,,발목,팬츠,['우븐'],['무지'],스키니,화이트,롱,핑크,후드티,['스트링'],긴팔,['우븐'],['무지'],후드,오버사이즈,['롤업'],,,,,,,,,,,,
63,1016472,힙합,"하의, 상의",3,,,,,,,,,,발목,팬츠,['우븐'],['무지'],스키니,화이트,롱,핑크,후드티,['스트링'],긴팔,['우븐'],['무지'],후드,오버사이즈,['롤업'],,,,,,,,,,,,
64,1016473,힙합,"하의, 상의",3,,,,,,,,,,발목,팬츠,['우븐'],['무지'],스키니,화이트,롱,핑크,후드티,['스트링'],긴팔,['우븐'],['무지'],후드,오버사이즈,['롤업'],,,,,,,,,,,,
65,1016477,힙합,"하의, 상의",3,,,,,,,,,,발목,팬츠,['우븐'],['무지'],스키니,화이트,롱,,후드티,['스트링'],,['우븐'],['무지'],후드,오버사이즈,['롤업'],,,,,,,,,,,,
66,1016478,힙합,"하의, 상의",3,,,,,,,,,,발목,팬츠,['우븐'],['무지'],스키니,화이트,롱,,후드티,['스트링'],,['우븐'],['무지'],후드,오버사이즈,['롤업'],,,,,,,,,,,,
67,1016479,힙합,"하의, 상의",3,,,,,,,,,,발목,팬츠,['우븐'],['무지'],스키니,화이트,롱,핑크,후드티,['스트링'],긴팔,['우븐'],['무지'],후드,오버사이즈,['롤업'],,,,,,,,,,,,
68,1016480,힙합,"하의, 상의",3,,,,,,,,,,발목,팬츠,['우븐'],['무지'],스키니,화이트,롱,,후드티,['스트링'],,['우븐'],['무지'],후드,오버사이즈,['롤업'],,,,,,,,,,,,
69,1016481,힙합,"하의, 상의",3,,,,,,,,,,발목,팬츠,['우븐'],['무지'],스키니,화이트,롱,,후드티,['스트링'],,['우븐'],['무지'],후드,오버사이즈,['롤업'],,,,,,,,,,,,
70,1016482,힙합,"하의, 상의",3,,,,,,,,,,발목,팬츠,['우븐'],['무지'],스키니,화이트,롱,핑크,후드티,['스트링'],7부소매,['우븐'],['무지'],후드,오버사이즈,['롤업'],,,,,,,,,,,,
71,1016483,힙합,"하의, 상의",3,,,,,,,,,,발목,팬츠,['우븐'],['무지'],스키니,화이트,롱,핑크,후드티,['스트링'],긴팔,['우븐'],['무지'],후드,오버사이즈,['롤업'],,,,,,,,,,,,
72,1016484,힙합,"하의, 상의",3,,,,,,,,,,발목,팬츠,['우븐'],['무지'],스키니,화이트,롱,핑크,후드티,['스트링'],긴팔,['우븐'],['무지'],후드,오버사이즈,['롤업'],,,,,,,,,,,,
73,1016487,힙합,"하의, 상의",3,,,,,,,,,,발목,팬츠,['우븐'],['무지'],스키니,화이트,롱,핑크,후드티,['스트링'],7부소매,['우븐'],['무지'],후드,오버사이즈,['롤업'],,,,,,,,,,,,
74,1016488,힙합,"하의, 상의",3,,,,,,,,,,발목,팬츠,['우븐'],['무지'],스키니,화이트,롱,핑크,후드티,['스트링'],긴팔,['우븐'],['무지'],후드,오버사이즈,['롤업'],,,,,,,,,,,,
75,1016489,힙합,"하의, 상의",3,,,,,,,,,,발목,팬츠,['우븐'],['무지'],스키니,화이트,롱,핑크,후드티,['스트링'],긴팔,['우븐'],['무지'],후드,오버사이즈,['롤업'],,,,,,,,,,,,
76,1016490,힙합,"하의, 상의",3,,,,,,,,,,발목,팬츠,['우븐'],['무지'],스키니,화이트,롱,핑크,후드티,['스트링'],긴팔,['우븐'],['무지'],후드,오버사이즈,['롤업'],,,,,,,,,,,,
77,1016491,힙합,"하의, 상의",3,,,,,,,,,,발목,팬츠,['우븐'],['무지'],스키니,화이트,롱,핑크,후드티,['스트링'],긴팔,['우븐'],['무지'],후드,오버사이즈,['롤업'],,,,,,,,,,,,
78,1016492,힙합,"하의, 상의",3,,,,,,,,,,발목,팬츠,['우븐'],['무지'],스키니,화이트,롱,핑크,후드티,['스트링'],긴팔,['우븐'],['무지'],후드,오버사이즈,['롤업'],,,,,,,,,,,,
79,1016493,힙합,"하의, 상의",3,,,,,,,,,,발목,팬츠,['우븐'],['무지'],스키니,화이트,롱,,후드티,['스트링'],,['우븐'],['무지'],후드,오버사이즈,['롤업'],,,,,,,,,,,,
80,1016494,힙합,"하의, 상의",3,,,,,,,,,,발목,팬츠,['우븐'],['무지'],스키니,화이트,롱,,후드티,['스트링'],,['우븐'],['무지'],후드,오버사이즈,['롤업'],,,,,,,,,,,,
81,1016497,힙합,"하의, 상의",3,,,,,,,,,,발목,청바지,['데님'],['무지'],루즈,스카이블루,롱,네이비,후드티,['스트링'],7부소매,['우븐'],['무지'],후드,오버사이즈,['롤업'],,,,,,,,,,,,
82,1016498,힙합,"하의, 상의",3,,,,,,,,,,발목,청바지,['데님'],['무지'],루즈,스카이블루,롱,네이비,후드티,['스트링'],7부소매,['우븐'],['무지'],후드,오버사이즈,['롤업'],,,,,,,,,,,,
83,1016499,힙합,"하의, 상의",3,,,,,,,,,,발목,청바지,['데님'],['무지'],루즈,스카이블루,롱,네이비,후드티,['스트링'],7부소매,['우븐'],['무지'],후드,오버사이즈,['롤업'],,,,,,,,,,,,
84,1016500,힙합,"하의, 상의",3,,,,,,,,,,발목,청바지,['데님'],['무지'],루즈,스카이블루,롱,네이비,후드티,['스트링'],긴팔,['우븐'],['무지'],후드,오버사이즈,['롤업'],,,,,,,,,,,,
85,1016501,힙합,"하의, 상의",3,,,,,,,,,,발목,청바지,['데님'],['무지'],루즈,스카이블루,롱,네이비,후드티,['스트링'],긴팔,['우븐'],['무지'],후드,오버사이즈,['롤업'],,,,,,,,,,,,
86,1016508,힙합,"하의, 상의",3,,,,,,,,,,발목,청바지,['데님'],['무지'],루즈,스카이블루,롱,네이비,후드티,['스트링'],긴팔,['우븐'],['무지'],후드,오버사이즈,['롤업'],,,,,,,,,,,,
87,1016509,힙합,"하의, 상의",3,,,,,,,,,,발목,청바지,['데님'],['무지'],루즈,스카이블루,롱,네이비,후드티,['스트링'],긴팔,['우븐'],['무지'],후드,오버사이즈,['롤업'],,,,,,,,,,,,
88,1016511,힙합,"하의, 상의",3,,,,,,,,,,발목,청바지,['데님'],['무지'],루즈,스카이블루,롱,네이비,후드티,['스트링'],긴팔,['우븐'],['무지'],후드,오버사이즈,['롤업'],,,,,,,,,,,,
89,1016513,힙합,"하의, 상의",3,,,,,,,,,,발목,청바지,['데님'],['무지'],루즈,스카이블루,롱,네이비,후드티,['스트링'],7부소매,['우븐'],['무지'],후드,오버사이즈,['롤업'],,,,,,,,,,,,
90,1016514,힙합,"하의, 상의",3,,,,,,,,,,발목,청바지,['데님'],['무지'],루즈,스카이블루,롱,네이비,후드티,['스트링'],7부소매,['우븐'],['무지'],후드,오버사이즈,['롤업'],,,,,,,,,,,,
91,1016579,힙합,"하의, 상의",3,,,,,,,,,,발목,팬츠,['우븐'],['카무플라쥬'],스키니,그레이,노멀,화이트,탑,,긴팔,['우븐'],"['레터링', '무지']",라운드넥,노멀,,블랙,베이지,,,,,,,,,,
92,1016580,힙합,"하의, 상의",3,,,,,,,,,,발목,팬츠,['우븐'],['카무플라쥬'],스키니,그레이,노멀,화이트,탑,,긴팔,['우븐'],"['레터링', '무지']",라운드넥,노멀,,블랙,베이지,,,,,,,,,,
93,1016581,힙합,"하의, 상의",3,,,,,,,,,,발목,팬츠,['우븐'],['카무플라쥬'],스키니,그레이,노멀,화이트,탑,,7부소매,['우븐'],"['레터링', '무지']",라운드넥,노멀,,블랙,베이지,,,,,,,,,,
94,1016582,힙합,"하의, 상의",3,,,,,,,,,,발목,팬츠,['우븐'],['카무플라쥬'],스키니,그레이,노멀,화이트,탑,,7부소매,['우븐'],"['레터링', '무지']",라운드넥,노멀,,블랙,베이지,,,,,,,,,,
95,1016583,힙합,"하의, 상의",3,,,,,,,,,,발목,팬츠,['우븐'],['카무플라쥬'],스키니,그레이,노멀,화이트,탑,,7부소매,['우븐'],"['레터링', '무지']",라운드넥,노멀,,블랙,베이지,,,,,,,,,,
96,1016584,힙합,"하의, 상의",3,,,,,,,,,,발목,팬츠,['우븐'],['카무플라쥬'],스키니,그레이,노멀,화이트,탑,,7부소매,['우븐'],"['레터링', '무지']",라운드넥,노멀,,블랙,베이지,,,,,,,,,,
97,1016587,힙합,"하의, 상의",3,,,,,,,,,,발목,팬츠,['우븐'],['카무플라쥬'],스키니,그레이,노멀,화이트,탑,,7부소매,['우븐'],"['레터링', '무지']",라운드넥,노멀,,블랙,베이지,,,,,,,,,,
98,1016588,힙합,"하의, 상의",3,,,,,,,,,,발목,팬츠,['우븐'],['카무플라쥬'],스키니,그레이,노멀,화이트,탑,,7부소매,['우븐'],"['레터링', '무지']",라운드넥,노멀,,블랙,베이지,,,,,,,,,,
99,1016590,힙합,"하의, 상의",3,,,,,,,,,,발목,팬츠,['우븐'],['카무플라쥬'],스키니,그레이,노멀,화이트,탑,,긴팔,['우븐'],"['레터링', '무지']",라운드넥,노멀,,블랙,베이지,,,,,,,,,,
100,1016592,힙합,"하의, 상의",3,,,,,,,,,,발목,팬츠,['우븐'],['카무플라쥬'],스키니,그레이,노멀,화이트,탑,,긴팔,['우븐'],"['레터링', '무지']",라운드넥,노멀,,블랙,베이지,,,,,,,,,,
101,1016593,힙합,"하의, 상의",3,,,,,,,,,,발목,팬츠,['우븐'],['카무플라쥬'],스키니,그레이,노멀,화이트,탑,,긴팔,['우븐'],['무지'],라운드넥,노멀,,블랙,,,,,,,,,,,
102,1016594,힙합,"하의, 상의",3,,,,,,,,,,발목,팬츠,['우븐'],['카무플라쥬'],스키니,그레이,노멀,화이트,탑,,긴팔,['우븐'],['무지'],라운드넥,노멀,,블랙,,,,,,,,,,,
103,1016597,힙합,"하의, 상의",3,,,,,,,,,,발목,팬츠,['우븐'],['카무플라쥬'],스키니,그레이,노멀,화이트,탑,,7부소매,['우븐'],['무지'],라운드넥,노멀,,블랙,,,,,,,,,,,
104,1016598,힙합,"하의, 상의",3,,,,,,,,,,발목,팬츠,['우븐'],['카무플라쥬'],스키니,그레이,노멀,화이트,탑,,긴팔,['우븐'],['무지'],라운드넥,노멀,,블랙,,,,,,,,,,,
105,1016599,힙합,"하의, 상의",3,,,,,,,,,,발목,팬츠,['우븐'],['카무플라쥬'],스키니,그레이,노멀,화이트,탑,,긴팔,['우븐'],['무지'],라운드넥,노멀,,블랙,,,,,,,,,,,
106,1016600,힙합,"하의, 상의",3,,,,,,,,,,발목,팬츠,['우븐'],['카무플라쥬'],스키니,그레이,노멀,화이트,탑,,7부소매,['우븐'],"['레터링', '무지']",라운드넥,노멀,,블랙,베이지,,,,,,,,,,
107,1016601,힙합,"하의, 상의",3,,,,,,,,,,발목,팬츠,['우븐'],['카무플라쥬'],스키니,그레이,노멀,화이트,탑,,7부소매,['우븐'],"['레터링', '무지']",라운드넥,노멀,,블랙,베이지,,,,,,,,,,
108,1016602,힙합,"하의, 상의",3,,,,,,,,,,발목,팬츠,['우븐'],['카무플라쥬'],스키니,그레이,노멀,화이트,탑,,7부소매,['우븐'],"['레터링', '무지']",라운드넥,노멀,,블랙,베이지,,,,,,,,,,
109,1016604,힙합,"하의, 상의",3,,,,,,,,,,발목,팬츠,['우븐'],['카무플라쥬'],스키니,그레이,노멀,화이트,탑,,7부소매,['우븐'],"['레터링', '무지']",라운드넥,노멀,,블랙,베이지,,,,,,,,,,
110,1029887,힙합,"아우터, 하의",4,노말,네이비,화이트,재킷,"['단추', '스티치']",긴팔,['데님'],['무지'],오버사이즈,미디,스커트,['니트'],['무지'],노멀,핑크,,,,,,,,,,['슬릿'],,,,,,,,,,,,
111,1050241,힙합,"아우터, 원피스",6,,블루,,,,긴팔,,,,,,,,,,,,,,,,,,,,,,미니,드레스,['드롭숄더'],['플리스'],['무지'],터틀넥,오버사이즈,,,
112,1050430,힙합,"하의, 상의",3,,,,,,,,,,발목,래깅스,['스판덱스'],['무지'],스키니,,롱,화이트,니트웨어,['드롭숄더'],긴팔,['니트'],['지그재그'],,오버사이즈,,,와인,,,,,,,,,,
113,1085132,힙합,"하의, 상의",3,,,,,,,,,,맥시,청바지,['데님'],,와이드,스카이블루,,화이트,,,민소매,,,,,['디스트로이드'],,,,,,,,,,,,
114,1085135,힙합,"하의, 상의",3,,,,,,,,,,맥시,청바지,['데님'],,와이드,스카이블루,,화이트,,,반팔,,,,,['디스트로이드'],,,,,,,,,,,,
115,1085136,힙합,"하의, 상의",3,,,,,,,,,,맥시,청바지,['데님'],,와이드,스카이블루,,화이트,,,반팔,,,,,['디스트로이드'],,,,,,,,,,,,
116,1085137,힙합,"하의, 상의",3,,,,,,,,,,맥시,청바지,['데님'],,와이드,스카이블루,,화이트,,,반팔,,,,,['디스트로이드'],,,,,,,,,,,,
117,1085138,힙합,"하의, 상의",3,,,,,,,,,,맥시,청바지,['데님'],,와이드,스카이블루,,화이트,,,반팔,,,,,['디스트로이드'],,,,,,,,,,,,
118,1085139,힙합,"하의, 상의",3,,,,,,,,,,맥시,청바지,['데님'],,와이드,스카이블루,,화이트,,,반팔,,,,,['디스트로이드'],,,,,,,,,,,,
119,1085140,힙합,"하의, 상의",3,,,,,,,,,,맥시,청바지,['데님'],,와이드,스카이블루,,화이트,,,반팔,,,,,['디스트로이드'],,,,,,,,,,,,
120,1085141,힙합,"하의, 상의",3,,,,,,,,,,맥시,청바지,['데님'],,와이드,스카이블루,,화이트,,,반팔,,,,,['디스트로이드'],,,,,,,,,,,,
121,1085142,힙합,"하의, 상의",3,,,,,,,,,,맥시,청바지,['데님'],,와이드,스카이블루,,화이트,,,반팔,,,,,['디스트로이드'],,,,,,,,,,,,
122,1129090,힙합,"아우터, 하의",4,롱,블랙,화이트,패딩,['포켓'],긴팔,['패딩'],['레터링'],오버사이즈,발목,팬츠,['우븐'],['무지'],스키니,블랙,,,,,,,,,,,,,,,,,,,,후드,,
123,1129091,힙합,"아우터, 하의, 상의",10,롱,블랙,화이트,패딩,['포켓'],긴팔,['패딩'],['레터링'],오버사이즈,,,,,,블랙,,실버,니트웨어,,없음,['니트'],['그래픽'],라운드넥,루즈,,,화이트,,,,,,,,후드,,
124,1129092,힙합,"아우터, 하의",4,롱,블랙,화이트,패딩,['포켓'],긴팔,['패딩'],['레터링'],오버사이즈,발목,팬츠,['우븐'],['무지'],스키니,블랙,,,,,,,,,,,,,,,,,,,,후드,,
125,1129097,힙합,"아우터, 하의, 상의",10,롱,블랙,화이트,패딩,['포켓'],긴팔,['패딩'],['레터링'],오버사이즈,발목,팬츠,['우븐'],['무지'],스키니,블랙,노멀,실버,니트웨어,,없음,['니트'],['그래픽'],라운드넥,루즈,,,화이트,,,,,,,,후드,,
126,1129098,힙합,"아우터, 하의",4,롱,블랙,화이트,패딩,['포켓'],긴팔,['패딩'],['레터링'],오버사이즈,발목,팬츠,['우븐'],['무지'],스키니,블랙,,,,,,,,,,,,,,,,,,,,후드,,
127,1129099,힙합,"아우터, 하의, 상의",10,롱,블랙,화이트,패딩,['포켓'],긴팔,['패딩'],['레터링'],오버사이즈,,팬츠,['우븐'],['무지'],스키니,블랙,노멀,실버,니트웨어,,없음,['니트'],['그래픽'],라운드넥,루즈,,,화이트,,,,,,,,후드,,
128,1131020,힙합,"아우터, 하의, 상의",10,하프,카키,블랙,짚업,['지퍼'],긴팔,['우븐'],['레터링'],노멀,,,,,,블랙,,옐로우,티셔츠,,없음,['저지'],['스트라이프'],라운드넥,타이트,,,블랙,,,,,,,,라운드넥,밴드칼라,
129,1131023,힙합,"아우터, 하의, 상의",10,하프,카키,블랙,짚업,['지퍼'],긴팔,['우븐'],['레터링'],노멀,발목,팬츠,['우븐'],,와이드,블랙,,옐로우,티셔츠,,없음,['저지'],['스트라이프'],라운드넥,타이트,,,블랙,,,,,,,,라운드넥,밴드칼라,
130,1131024,힙합,"아우터, 하의, 상의",10,하프,카키,블랙,짚업,['지퍼'],긴팔,['우븐'],['레터링'],노멀,,,,,,블랙,,옐로우,티셔츠,,없음,['저지'],['스트라이프'],라운드넥,타이트,,,블랙,,,,,,,,라운드넥,밴드칼라,
131,1131025,힙합,"아우터, 하의, 상의",10,하프,카키,블랙,짚업,['지퍼'],긴팔,['우븐'],['레터링'],노멀,발목,팬츠,['우븐'],,와이드,블랙,,옐로우,,,없음,,,,,,,블랙,,,,,,,,라운드넥,밴드칼라,
132,1131026,힙합,"아우터, 하의, 상의",10,하프,카키,블랙,짚업,['지퍼'],긴팔,['우븐'],['레터링'],노멀,,,,,,블랙,,옐로우,티셔츠,,없음,['저지'],['스트라이프'],라운드넥,타이트,,,블랙,,,,,,,,라운드넥,밴드칼라,
133,1131027,힙합,"아우터, 하의, 상의",10,하프,카키,블랙,짚업,['지퍼'],긴팔,['우븐'],['레터링'],노멀,발목,팬츠,['우븐'],,와이드,블랙,,옐로우,티셔츠,,없음,['저지'],['스트라이프'],라운드넥,타이트,,,블랙,,,,,,,,라운드넥,밴드칼라,
134,1131028,힙합,"아우터, 하의, 상의",10,하프,카키,블랙,짚업,['지퍼'],긴팔,['우븐'],['레터링'],노멀,발목,팬츠,['우븐'],,와이드,블랙,,옐로우,티셔츠,,없음,['저지'],['스트라이프'],라운드넥,타이트,,,블랙,,,,,,,,라운드넥,밴드칼라,
135,1131029,힙합,"아우터, 하의, 상의",10,하프,카키,블랙,짚업,['지퍼'],긴팔,['우븐'],['레터링'],노멀,,,,,,블랙,,옐로우,티셔츠,,없음,['저지'],['스트라이프'],라운드넥,타이트,,,블랙,,,,,,,,라운드넥,밴드칼라,
136,1131030,힙합,"아우터, 하의, 상의",10,하프,카키,블랙,짚업,['지퍼'],긴팔,['우븐'],['레터링'],노멀,발목,팬츠,['우븐'],,와이드,블랙,,옐로우,티셔츠,,없음,['저지'],['스트라이프'],라운드넥,타이트,,,블랙,,,,,,,,라운드넥,밴드칼라,
137,1133985,힙합,"하의, 상의",3,,,,,,,,,,미디,팬츠,['우븐'],['카무플라쥬'],노멀,카키,,그레이,티셔츠,['드롭숄더'],반팔,['저지'],['그래픽'],라운드넥,오버사이즈,"['자수', '스트링']",블랙,,,,,,,,,,,
138,1133986,힙합,"하의, 상의",3,,,,,,,,,,미디,팬츠,['우븐'],['카무플라쥬'],노멀,카키,,그레이,티셔츠,['드롭숄더'],반팔,['저지'],['그래픽'],라운드넥,오버사이즈,"['자수', '스트링']",블랙,,,,,,,,,,,
139,1133987,힙합,"하의, 상의",3,,,,,,,,,,미디,팬츠,['우븐'],['카무플라쥬'],노멀,카키,,그레이,티셔츠,['드롭숄더'],반팔,['저지'],['그래픽'],라운드넥,오버사이즈,"['자수', '스트링']",블랙,,,,,,,,,,,
140,1133988,힙합,"하의, 상의",3,,,,,,,,,,미디,팬츠,['우븐'],['카무플라쥬'],노멀,카키,,그레이,티셔츠,['드롭숄더'],반팔,['저지'],['그래픽'],라운드넥,오버사이즈,"['자수', '스트링']",블랙,,,,,,,,,,,
141,1135356,힙합,"하의, 상의",3,,,,,,,,,,발목,팬츠,['우븐'],['무지'],루즈,블랙,롱,블랙,티셔츠,,긴팔,['우븐'],['레터링'],라운드넥,오버사이즈,,,화이트,,,,,,,,,,
142,1135357,힙합,"하의, 상의",3,,,,,,,,,,발목,팬츠,['우븐'],['무지'],루즈,블랙,롱,블랙,티셔츠,,긴팔,['우븐'],['레터링'],라운드넥,오버사이즈,,,화이트,,,,,,,,,,
143,1135358,힙합,"하의, 상의",3,,,,,,,,,,발목,팬츠,['우븐'],['무지'],루즈,블랙,롱,블랙,티셔츠,,긴팔,['우븐'],['레터링'],라운드넥,오버사이즈,,,,,,,,,,,,,
144,1135360,힙합,"하의, 상의",3,,,,,,,,,,발목,팬츠,['우븐'],['무지'],루즈,블랙,롱,블랙,티셔츠,,긴팔,['우븐'],['레터링'],라운드넥,오버사이즈,,,화이트,,,,,,,,,,
145,1135361,힙합,"하의, 상의",3,,,,,,,,,,발목,팬츠,['우븐'],['무지'],루즈,블랙,롱,블랙,티셔츠,,긴팔,['우븐'],['레터링'],라운드넥,오버사이즈,,,화이트,,,,,,,,,,
146,1152827,힙합,"하의, 상의",3,,,,,,,,,,발목,청바지,['데님'],['무지'],노멀,스카이블루,노멀,그레이,티셔츠,,반팔,['우븐'],['플로럴'],라운드넥,루즈,,,브라운,,,,,,,,,,
147,1152832,힙합,"하의, 상의",3,,,,,,,,,,발목,청바지,['데님'],['무지'],노멀,스카이블루,노멀,그레이,티셔츠,,반팔,['우븐'],['플로럴'],라운드넥,루즈,,,브라운,,,,,,,,,,
148,1170396,힙합,"하의, 상의",3,,,,,,,,,,미니,스커트,['가죽'],['무지'],노멀,블랙,,화이트,셔츠,['단추'],긴팔,['우븐'],['호피'],,루즈,"['포켓', '플레어']",,블랙,,,,,,,,,,셔츠칼라
149,1170397,힙합,"하의, 상의",3,,,,,,,,,,,,,,,블랙,노멀,화이트,셔츠,['단추'],긴팔,['우븐'],['호피'],,루즈,,,블랙,,,,,,,,,,셔츠칼라
150,1170398,힙합,"하의, 상의",3,,,,,,,,,,,,,,,블랙,롱,화이트,셔츠,['단추'],긴팔,['우븐'],['호피'],,루즈,,,블랙,,,,,,,,,,
151,1170399,힙합,"하의, 상의",3,,,,,,,,,,미니,스커트,['가죽'],['무지'],노멀,블랙,,화이트,셔츠,['단추'],긴팔,['우븐'],['호피'],,루즈,"['포켓', '플레어']",,블랙,,,,,,,,,,셔츠칼라
152,1170400,힙합,"하의, 상의",3,,,,,,,,,,,,,,,블랙,롱,화이트,셔츠,['단추'],긴팔,['우븐'],['호피'],,루즈,,,블랙,,,,,,,,,,셔츠칼라
153,1186669,힙합,"아우터, 하의, 상의",10,,블랙,,가디건,,긴팔,['메시'],['무지'],노멀,미니,청바지,['데님'],['무지'],노멀,스카이블루,,블랙,티셔츠,,민소매,['저지'],['레터링'],브이넥,노멀,['디스트로이드'],,화이트,,,,,,,,라운드넥,,
154,1186670,힙합,"아우터, 하의, 상의",10,,블랙,,가디건,,긴팔,['메시'],['무지'],노멀,미니,청바지,['데님'],['무지'],노멀,스카이블루,,블랙,티셔츠,,민소매,['저지'],['레터링'],브이넥,노멀,['디스트로이드'],,화이트,,,,,,,,라운드넥,,
155,1186671,힙합,"아우터, 하의, 상의",10,,블랙,,가디건,,긴팔,['메시'],['무지'],노멀,미니,청바지,['데님'],['무지'],노멀,스카이블루,,블랙,티셔츠,,민소매,['저지'],['무지'],,노멀,,,화이트,,,,,,,,,,
156,1186672,힙합,"아우터, 하의, 상의",10,,블랙,,가디건,,긴팔,['메시'],['무지'],노멀,미니,청바지,['데님'],['무지'],노멀,스카이블루,,블랙,티셔츠,,민소매,['저지'],['레터링'],브이넥,노멀,['디스트로이드'],,화이트,,,,,,,,라운드넥,,
157,1186675,힙합,"아우터, 하의, 상의",10,,,,가디건,,,['메시'],['무지'],노멀,미니,청바지,['데님'],['무지'],노멀,스카이블루,,블랙,티셔츠,,민소매,['저지'],['레터링'],브이넥,노멀,['디스트로이드'],,화이트,,,,,,,,라운드넥,,
158,1189307,힙합,"하의, 상의",3,,,,,,,,,,맥시,청바지,['데님'],['무지'],루즈,네이비,,화이트,티셔츠,,긴팔,['저지'],['무지'],라운드넥,타이트,,,,,,,,,,,,,
159,1189310,힙합,"하의, 상의",3,,,,,,,,,,맥시,청바지,['데님'],['무지'],루즈,네이비,,화이트,티셔츠,,긴팔,['저지'],['무지'],라운드넥,타이트,,,,,,,,,,,,,
160,1189311,힙합,"하의, 상의",3,,,,,,,,,,맥시,청바지,['데님'],['무지'],루즈,네이비,,화이트,티셔츠,,긴팔,['저지'],['무지'],라운드넥,타이트,,,,,,,,,,,,,
161,1189312,힙합,"하의, 상의",3,,,,,,,,,,맥시,청바지,['데님'],['무지'],루즈,네이비,,화이트,티셔츠,,긴팔,['저지'],['무지'],라운드넥,타이트,,,,,,,,,,,,,
162,1189313,힙합,"하의, 상의",3,,,,,,,,,,맥시,청바지,['데님'],['무지'],루즈,네이비,,화이트,티셔츠,,긴팔,['저지'],['무지'],라운드넥,타이트,,,,,,,,,,,,,
163,1193488,힙합,"하의, 상의",3,,,,,,,,,,발목,청바지,['데님'],['무지'],노멀,스카이블루,크롭,화이트,탑,,민소매,['우븐'],['레터링'],,노멀,['디스트로이드'],,블랙,,,,,,,,,,
164,1193489,힙합,"하의, 상의",3,,,,,,,,,,발목,청바지,['데님'],['무지'],노멀,스카이블루,크롭,화이트,탑,,민소매,['우븐'],['레터링'],,노멀,['디스트로이드'],,블랙,,,,,,,,,,
165,1193605,힙합,"아우터, 하의, 상의",10,하프,화이트,,재킷,,반팔,['우븐'],['무지'],노멀,,청바지,['데님'],['무지'],,,노멀,화이트,탑,,민소매,['우븐'],['레터링'],,타이트,,,블랙,,,,,,,,,테일러드칼라,
166,1198107,힙합,"하의, 상의",3,,,,,,,,,,발목,팬츠,['우븐'],['무지'],벨보텀,블랙,크롭,블랙,후드티,,긴팔,['저지'],['그래픽'],후드,노멀,,,화이트,,,,,,,,,,
167,1198108,힙합,"하의, 상의",3,,,,,,,,,,발목,팬츠,['우븐'],['무지'],벨보텀,블랙,크롭,블랙,후드티,,긴팔,['저지'],['그래픽'],후드,노멀,,,화이트,,,,,,,,,,
168,1198109,힙합,"하의, 상의",3,,,,,,,,,,발목,팬츠,['우븐'],['무지'],벨보텀,블랙,크롭,블랙,후드티,,긴팔,['저지'],['그래픽'],후드,노멀,,,화이트,,,,,,,,,,
169,1198328,힙합,"하의, 상의",3,,,,,,,,,,발목,스커트,['우븐'],['무지'],루즈,베이지,노멀,그린,후드티,,7부소매,['저지'],['그래픽'],후드,루즈,,,카키,,,,,,,,,,
170,1198331,힙합,"하의, 상의",3,,,,,,,,,,발목,스커트,['우븐'],['무지'],루즈,베이지,노멀,그린,후드티,,7부소매,['저지'],['그래픽'],후드,루즈,,,카키,,,,,,,,,,
171,1198346,힙합,"하의, 상의",3,,,,,,,,,,발목,팬츠,['우븐'],['무지'],스키니,블랙,크롭,화이트,후드티,['드롭숄더'],긴팔,['저지'],['무지'],후드,루즈,,,블랙,,,,,,,,,,
172,1198348,힙합,"하의, 상의",3,,,,,,,,,,발목,팬츠,['우븐'],['무지'],스키니,블랙,크롭,화이트,후드티,['드롭숄더'],긴팔,['저지'],['무지'],후드,루즈,,,,,,,,,,,,,
173,1198349,힙합,"하의, 상의",3,,,,,,,,,,발목,팬츠,['우븐'],['무지'],스키니,블랙,크롭,화이트,후드티,['드롭숄더'],긴팔,['저지'],['무지'],후드,루즈,,,블랙,,,,,,,,,,
174,1198351,힙합,"하의, 상의",3,,,,,,,,,,발목,팬츠,['우븐'],['무지'],스키니,블랙,크롭,화이트,후드티,['드롭숄더'],긴팔,['저지'],['무지'],후드,루즈,,,,,,,,,,,,,
175,1198352,힙합,"하의, 상의",3,,,,,,,,,,발목,팬츠,['우븐'],['무지'],스키니,블랙,크롭,화이트,후드티,['드롭숄더'],긴팔,['저지'],['무지'],후드,루즈,,,블랙,,,,,,,,,,
176,1198369,힙합,"하의, 상의",3,,,,,,,,,,발목,팬츠,['우븐'],['무지'],루즈,그레이,,블랙,후드티,['드롭숄더'],긴팔,['우븐'],['무지'],후드,루즈,,,,,,,,,,,,,
177,1198370,힙합,"하의, 상의",3,,,,,,,,,,발목,팬츠,['우븐'],['무지'],루즈,그레이,,블랙,후드티,['드롭숄더'],긴팔,['우븐'],['무지'],후드,루즈,,,,,,,,,,,,,
178,1198371,힙합,"하의, 상의",3,,,,,,,,,,발목,팬츠,['우븐'],['무지'],루즈,그레이,,블랙,후드티,['드롭숄더'],긴팔,['우븐'],['무지'],후드,루즈,,,,,,,,,,,,,
179,1198372,힙합,"하의, 상의",3,,,,,,,,,,발목,팬츠,['우븐'],['무지'],루즈,그레이,,블랙,후드티,['드롭숄더'],긴팔,['우븐'],['무지'],후드,루즈,,,,,,,,,,,,,
180,1198375,힙합,"하의, 상의",3,,,,,,,,,,발목,팬츠,['우븐'],['무지'],루즈,그레이,,블랙,후드티,['드롭숄더'],긴팔,['우븐'],['무지'],후드,루즈,,,,,,,,,,,,,
181,1209148,힙합,"하의, 상의",3,,,,,,,,,,발목,조거팬츠,['우븐'],['무지'],루즈,그레이,크롭,화이트,티셔츠,"['스트링', '드롭숄더']",긴팔,['우븐'],['무지'],라운드넥,루즈,"['스트링', '포켓']",,,,,,,,,,,,
182,1209149,힙합,"하의, 상의",3,,,,,,,,,,발목,조거팬츠,['우븐'],['무지'],루즈,그레이,크롭,화이트,티셔츠,"['스트링', '드롭숄더']",긴팔,['우븐'],['무지'],라운드넥,루즈,"['스트링', '포켓']",,,,,,,,,,,,
183,1209150,힙합,"하의, 상의",3,,,,,,,,,,발목,조거팬츠,['우븐'],['무지'],루즈,그레이,크롭,화이트,티셔츠,"['스트링', '드롭숄더']",긴팔,['우븐'],['무지'],라운드넥,루즈,"['스트링', '포켓']",,,,,,,,,,,,
184,1209151,힙합,"하의, 상의",3,,,,,,,,,,발목,조거팬츠,['우븐'],['무지'],루즈,그레이,크롭,화이트,티셔츠,['드롭숄더'],긴팔,['우븐'],['무지'],,루즈,"['스트링', '포켓']",,,,,,,,,,,,
185,1209152,힙합,"하의, 상의",3,,,,,,,,,,발목,조거팬츠,['우븐'],['무지'],루즈,그레이,크롭,화이트,티셔츠,"['스트링', '드롭숄더']",긴팔,['우븐'],['무지'],라운드넥,루즈,"['스트링', '포켓']",,,,,,,,,,,,
186,1209153,힙합,"하의, 상의",3,,,,,,,,,,발목,조거팬츠,['우븐'],['무지'],루즈,그레이,크롭,화이트,티셔츠,"['스트링', '드롭숄더']",긴팔,['우븐'],['무지'],라운드넥,루즈,"['스트링', '포켓']",,,,,,,,,,,,
187,1209154,힙합,"하의, 상의",3,,,,,,,,,,발목,조거팬츠,['우븐'],['무지'],루즈,그레이,크롭,화이트,티셔츠,"['스트링', '드롭숄더']",긴팔,['우븐'],['무지'],라운드넥,루즈,"['스트링', '포켓']",,,,,,,,,,,,
188,1212306,힙합,"하의, 상의",3,,,,,,,,,,발목,조거팬츠,['저지'],['무지'],루즈,그레이,롱,그레이,후드티,"['드롭숄더', '포켓']",긴팔,['저지'],['무지'],후드,루즈,,,,,,,,,,,,,
189,1212307,힙합,"하의, 상의",3,,,,,,,,,,발목,조거팬츠,['저지'],['무지'],루즈,그레이,롱,그레이,후드티,"['드롭숄더', '포켓']",긴팔,['저지'],['무지'],후드,루즈,,,,,,,,,,,,,
190,1212311,힙합,"하의, 상의",3,,,,,,,,,,발목,조거팬츠,['저지'],['무지'],루즈,그레이,롱,그레이,후드티,"['드롭숄더', '포켓']",긴팔,['저지'],['무지'],후드,루즈,,,,,,,,,,,,,
191,1212314,힙합,"아우터, 하의",4,하프,스카이블루,,짚업,['드롭숄더'],긴팔,['우븐'],['무지'],오버사이즈,발목,조거팬츠,['저지'],['무지'],루즈,스카이블루,,,,,,,,,,['포켓'],,,,,,,,,,후드,,
192,1212316,힙합,"아우터, 하의",4,하프,스카이블루,,짚업,['드롭숄더'],긴팔,['우븐'],['무지'],오버사이즈,발목,조거팬츠,['저지'],['무지'],루즈,스카이블루,,,,,,,,,,['포켓'],,,,,,,,,,후드,,
193,1212317,힙합,"하의, 상의",3,,,,,,,,,,발목,조거팬츠,['저지'],['무지'],루즈,스카이블루,,화이트,티셔츠,,7부소매,['우븐'],['무지'],라운드넥,오버사이즈,['포켓'],,,,,,,,,,,,
194,1212319,힙합,"아우터, 하의, 상의",10,하프,스카이블루,,짚업,['드롭숄더'],긴팔,['우븐'],['무지'],오버사이즈,발목,조거팬츠,['저지'],['무지'],루즈,스카이블루,,화이트,티셔츠,,없음,['우븐'],['그래픽'],라운드넥,루즈,['포켓'],,오렌지,,,,,,,,후드,,
195,1212320,힙합,"아우터, 하의, 상의",10,하프,스카이블루,,짚업,['드롭숄더'],긴팔,['우븐'],['무지'],오버사이즈,발목,조거팬츠,['저지'],['무지'],루즈,스카이블루,,화이트,티셔츠,,없음,['우븐'],['그래픽'],라운드넥,루즈,['포켓'],,오렌지,,,,,,,,후드,,
196,1212409,힙합,"하의, 상의",3,,,,,,,,,,발목,조거팬츠,['저지'],['무지'],루즈,화이트,노멀,핑크,티셔츠,['드롭숄더'],긴팔,['우븐'],['무지'],라운드넥,루즈,['포켓'],,,,,,,,,,,,
197,1212411,힙합,"하의, 상의",3,,,,,,,,,,발목,조거팬츠,['저지'],['무지'],루즈,화이트,,핑크,,,긴팔,,,,,['포켓'],,,,,,,,,,,,
198,1212414,힙합,"하의, 상의",3,,,,,,,,,,발목,조거팬츠,['저지'],['무지'],루즈,화이트,,핑크,,,긴팔,,,,,['포켓'],,,,,,,,,,,,
199,1212415,힙합,"하의, 상의",3,,,,,,,,,,발목,조거팬츠,['저지'],['무지'],루즈,화이트,노멀,핑크,티셔츠,['드롭숄더'],긴팔,['우븐'],['무지'],라운드넥,루즈,['포켓'],,,,,,,,,,,,
200,1212416,힙합,"하의, 상의",3,,,,,,,,,,발목,조거팬츠,['저지'],['무지'],루즈,화이트,노멀,핑크,티셔츠,['드롭숄더'],긴팔,['우븐'],['무지'],라운드넥,루즈,['포켓'],,,,,,,,,,,,
201,1212417,힙합,"하의, 상의",3,,,,,,,,,,발목,조거팬츠,['저지'],['무지'],루즈,화이트,,핑크,,,긴팔,,,,,['포켓'],,,,,,,,,,,,
202,1212418,힙합,"하의, 상의",3,,,,,,,,,,발목,조거팬츠,['저지'],['무지'],루즈,화이트,노멀,핑크,티셔츠,['드롭숄더'],긴팔,['우븐'],['무지'],라운드넥,루즈,['포켓'],,,,,,,,,,,,
203,1212500,힙합,"아우터, 하의",4,,레드,,,,반팔,,,,발목,조거팬츠,['우븐'],['무지'],루즈,베이지,,,,,,,,,,['니트꽈베기'],,,,,,,,,,,,
204,1212501,힙합,"아우터, 하의",4,,레드,,,,반팔,,,,발목,조거팬츠,['우븐'],['무지'],루즈,베이지,,,,,,,,,,['니트꽈베기'],,,,,,,,,,,,
205,1212502,힙합,"아우터, 하의",4,하프,레드,,베스트,['드롭숄더'],반팔,['저지'],['무지'],루즈,발목,조거팬츠,['우븐'],['무지'],루즈,베이지,,,,,,,,,,['니트꽈베기'],,,,,,,,,,브이넥,,
206,1212505,힙합,"아우터, 하의",4,하프,레드,,베스트,['드롭숄더'],반팔,['저지'],['무지'],루즈,발목,조거팬츠,['우븐'],['무지'],루즈,베이지,,,,,,,,,,['니트꽈베기'],,,,,,,,,,브이넥,,
207,1212506,힙합,"아우터, 하의",4,하프,레드,,베스트,['드롭숄더'],반팔,['저지'],['무지'],루즈,발목,조거팬츠,['우븐'],['무지'],루즈,베이지,,,,,,,,,,['니트꽈베기'],,,,,,,,,,브이넥,,
208,1212507,힙합,"아우터, 하의",4,하프,레드,,베스트,['드롭숄더'],반팔,['저지'],['무지'],루즈,발목,조거팬츠,['우븐'],['무지'],루즈,베이지,,,,,,,,,,['니트꽈베기'],,,,,,,,,,브이넥,,
209,1212508,힙합,"아우터, 하의",4,하프,레드,,베스트,['드롭숄더'],반팔,['저지'],['무지'],루즈,발목,조거팬츠,['우븐'],['무지'],루즈,베이지,,,,,,,,,,['니트꽈베기'],,,,,,,,,,브이넥,,
210,1243908,힙합,"하의, 상의",3,,,,,,,,,,발목,팬츠,['우븐'],['무지'],루즈,블랙,노멀,그레이,후드티,['스트링'],긴팔,['저지'],"['레터링', '그래픽']",후드,루즈,['체인'],,브라운,,,,,,,,,,
211,1243909,힙합,"하의, 상의",3,,,,,,,,,,,,,,,블랙,노멀,그레이,후드티,['스트링'],긴팔,['저지'],"['레터링', '그래픽']",후드,루즈,,,브라운,,,,,,,,,,
212,1243910,힙합,"하의, 상의",3,,,,,,,,,,,,,,,블랙,노멀,그레이,후드티,['스트링'],긴팔,['저지'],"['레터링', '그래픽']",후드,루즈,,,브라운,,,,,,,,,,
213,1243911,힙합,"하의, 상의",3,,,,,,,,,,,,,,,블랙,노멀,그레이,후드티,['스트링'],긴팔,['저지'],"['레터링', '그래픽']",후드,루즈,,,브라운,,,,,,,,,,
214,1243912,힙합,"하의, 상의",3,,,,,,,,,,,,,,,블랙,노멀,그레이,후드티,['스트링'],긴팔,['저지'],"['레터링', '그래픽']",후드,루즈,,,브라운,,,,,,,,,,
215,1243913,힙합,"하의, 상의",3,,,,,,,,,,발목,팬츠,['우븐'],['무지'],루즈,블랙,노멀,그레이,후드티,['스트링'],긴팔,['저지'],"['레터링', '그래픽']",후드,루즈,['체인'],,브라운,,,,,,,,,,
216,1243914,힙합,"하의, 상의",3,,,,,,,,,,발목,팬츠,['우븐'],['무지'],루즈,블랙,노멀,그레이,후드티,['스트링'],긴팔,['저지'],"['레터링', '그래픽']",후드,루즈,['체인'],,브라운,,,,,,,,,,
217,1243915,힙합,"하의, 상의",3,,,,,,,,,,,,,,,블랙,노멀,그레이,후드티,['스트링'],긴팔,['저지'],"['레터링', '그래픽']",후드,루즈,,,브라운,,,,,,,,,,
218,1258046,힙합,"하의, 상의",3,,,,,,,,,,발목,조거팬츠,['저지'],['스트라이프'],노멀,그레이,롱,화이트,티셔츠,,긴팔,['저지'],['레터링'],라운드넥,루즈,,화이트,블랙,,,,,,,,,,
219,1258050,힙합,"하의, 상의",3,,,,,,,,,,발목,조거팬츠,['저지'],['스트라이프'],노멀,그레이,롱,화이트,티셔츠,,긴팔,['저지'],['레터링'],라운드넥,루즈,,화이트,블랙,,,,,,,,,,
220,1258051,힙합,"하의, 상의",3,,,,,,,,,,발목,조거팬츠,['저지'],['스트라이프'],노멀,그레이,롱,화이트,티셔츠,,긴팔,['저지'],['레터링'],라운드넥,루즈,,화이트,,,,,,,,,,,
221,1258052,힙합,"하의, 상의",3,,,,,,,,,,발목,조거팬츠,['저지'],['스트라이프'],노멀,그레이,롱,화이트,티셔츠,,긴팔,['저지'],['레터링'],라운드넥,루즈,,화이트,,,,,,,,,,,
222,1258053,힙합,"하의, 상의",3,,,,,,,,,,발목,조거팬츠,['저지'],['스트라이프'],노멀,그레이,롱,화이트,티셔츠,,긴팔,['저지'],['레터링'],라운드넥,루즈,,화이트,블랙,,,,,,,,,,
223,1260062,힙합,"하의, 상의",3,,,,,,,,,,발목,조거팬츠,['우븐'],['무지'],루즈,카키,롱,블랙,티셔츠,['드롭숄더'],긴팔,['우븐'],['무지'],,오버사이즈,"['포켓', '버클']",,,,,,,,,,,,
224,1260065,힙합,"하의, 상의",3,,,,,,,,,,발목,조거팬츠,['우븐'],['무지'],루즈,카키,롱,블랙,티셔츠,['드롭숄더'],긴팔,['우븐'],['무지'],,오버사이즈,"['포켓', '버클']",,,,,,,,,,,,
225,1260066,힙합,"하의, 상의",3,,,,,,,,,,발목,조거팬츠,['우븐'],['무지'],루즈,카키,,블랙,티셔츠,['드롭숄더'],긴팔,['우븐'],['무지'],라운드넥,오버사이즈,"['스트링', '포켓', '버클']",,,,,,,,,,,,
226,1260068,힙합,"하의, 상의",3,,,,,,,,,,발목,조거팬츠,['우븐'],['무지'],루즈,카키,롱,블랙,티셔츠,['드롭숄더'],긴팔,['우븐'],['무지'],,오버사이즈,"['포켓', '버클']",,,,,,,,,,,,
227,1260069,힙합,"하의, 상의",3,,,,,,,,,,발목,조거팬츠,['우븐'],['무지'],루즈,카키,롱,블랙,티셔츠,['드롭숄더'],긴팔,['우븐'],['무지'],,오버사이즈,"['포켓', '버클']",,,,,,,,,,,,
228,1260105,힙합,"하의, 상의",3,,,,,,,,,,발목,조거팬츠,['우븐'],['무지'],루즈,카키,,화이트,티셔츠,,긴팔,"['저지', '우븐']",['무지'],라운드넥,노멀,"['스트링', '지퍼', '포켓']",블랙,,,,,,,,,,,
229,1260108,힙합,"하의, 상의",3,,,,,,,,,,발목,조거팬츠,['우븐'],['무지'],루즈,카키,,화이트,티셔츠,,긴팔,"['저지', '우븐']",['무지'],라운드넥,노멀,"['스트링', '지퍼', '포켓']",블랙,,,,,,,,,,,
230,1260109,힙합,"하의, 상의",3,,,,,,,,,,발목,조거팬츠,['우븐'],['무지'],루즈,카키,,화이트,티셔츠,,긴팔,"['저지', '우븐']",['무지'],라운드넥,노멀,"['스트링', '지퍼', '포켓']",블랙,,,,,,,,,,,
231,1260113,힙합,"하의, 상의",3,,,,,,,,,,발목,조거팬츠,['우븐'],['무지'],루즈,카키,,화이트,티셔츠,,긴팔,"['저지', '우븐']",['무지'],라운드넥,노멀,"['스트링', '지퍼', '포켓']",블랙,,,,,,,,,,,
232,1260123,힙합,"하의, 상의",3,,,,,,,,,,발목,조거팬츠,['우븐'],['무지'],루즈,카키,,화이트,티셔츠,['드롭숄더'],긴팔,['우븐'],['무지'],라운드넥,루즈,['포켓'],,,,,,,,,,,,
233,1260126,힙합,"하의, 상의",3,,,,,,,,,,발목,조거팬츠,['우븐'],['무지'],루즈,화이트,,블랙,티셔츠,['드롭숄더'],긴팔,"['저지', '우븐']",['레터링'],라운드넥,오버사이즈,['포켓'],,화이트,,,,,,,,,,
234,1260128,힙합,"하의, 상의",3,,,,,,,,,,발목,조거팬츠,['우븐'],['무지'],루즈,화이트,,블랙,티셔츠,['드롭숄더'],긴팔,"['저지', '우븐']",['레터링'],라운드넥,오버사이즈,['포켓'],,,,,,,,,,,,
235,1260129,힙합,"하의, 상의",3,,,,,,,,,,발목,조거팬츠,['우븐'],['무지'],루즈,화이트,,블랙,티셔츠,['드롭숄더'],긴팔,"['저지', '우븐']",['레터링'],라운드넥,오버사이즈,['포켓'],,화이트,,,,,,,,,,
236,1260134,힙합,"하의, 상의",3,,,,,,,,,,발목,조거팬츠,['우븐'],['무지'],루즈,화이트,,블랙,티셔츠,['드롭숄더'],긴팔,"['저지', '우븐']",['레터링'],라운드넥,오버사이즈,['포켓'],,화이트,,,,,,,,,,
237,1260148,힙합,"하의, 상의",3,,,,,,,,,,발목,조거팬츠,['우븐'],['무지'],루즈,브라운,크롭,블랙,후드티,"['스트링', '드롭숄더']",긴팔,"['저지', '우븐']",['무지'],후드,오버사이즈,"['스트링', '버클', '포켓']",,화이트,,,,,,,,,,
238,1260153,힙합,"하의, 상의",3,,,,,,,,,,발목,조거팬츠,['우븐'],['무지'],루즈,브라운,크롭,블랙,후드티,['드롭숄더'],긴팔,"['저지', '우븐']",['무지'],후드,오버사이즈,['포켓'],,,,,,,,,,,,
239,1260154,힙합,"하의, 상의",3,,,,,,,,,,발목,조거팬츠,['우븐'],['무지'],루즈,브라운,크롭,블랙,후드티,"['스트링', '드롭숄더']",긴팔,"['저지', '우븐']",['무지'],후드,오버사이즈,"['스트링', '버클', '포켓']",,화이트,,,,,,,,,,
240,1260249,힙합,"하의, 상의",3,,,,,,,,,,발목,조거팬츠,['우븐'],['무지'],루즈,블랙,,블랙,티셔츠,['드롭숄더'],긴팔,"['저지', '우븐']",['무지'],라운드넥,오버사이즈,"['스트링', '포켓', '버클']",,,,,,,,,,,,
241,1260252,힙합,"하의, 상의",3,,,,,,,,,,발목,조거팬츠,['우븐'],['무지'],루즈,블랙,,블랙,티셔츠,['드롭숄더'],긴팔,"['저지', '우븐']",['무지'],라운드넥,오버사이즈,"['스트링', '포켓', '버클']",,,,,,,,,,,,
242,1260253,힙합,"하의, 상의",3,,,,,,,,,,발목,조거팬츠,['우븐'],['무지'],루즈,블랙,롱,블랙,티셔츠,['드롭숄더'],긴팔,"['저지', '우븐']",['무지'],라운드넥,오버사이즈,['포켓'],,,,,,,,,,,,
243,1260255,힙합,"하의, 상의",3,,,,,,,,,,발목,조거팬츠,['우븐'],['무지'],루즈,블랙,롱,블랙,티셔츠,['드롭숄더'],긴팔,"['저지', '우븐']",['무지'],라운드넥,오버사이즈,['포켓'],,,,,,,,,,,,
244,1260264,힙합,"아우터, 하의",4,노말,그레이,블랙,베스트,['스트링'],민소매,"['우븐', '울/캐시미어']",['무지'],루즈,발목,조거팬츠,['우븐'],['무지'],루즈,블랙,,,,,,,,,,['포켓'],,,,,,,,,,후드,,
245,1260265,힙합,"아우터, 하의",4,노말,그레이,블랙,베스트,['스트링'],민소매,"['우븐', '울/캐시미어']",['무지'],루즈,발목,조거팬츠,['우븐'],['무지'],루즈,블랙,,,,,,,,,,['포켓'],,,,,,,,,,후드,,
246,1260267,힙합,"아우터, 하의",4,노말,그레이,블랙,베스트,['스트링'],민소매,"['우븐', '울/캐시미어']",['무지'],루즈,발목,조거팬츠,['우븐'],['무지'],루즈,블랙,,,,,,,,,,['포켓'],,,,,,,,,,후드,,
247,1260268,힙합,"아우터, 하의, 상의",10,노말,그레이,,베스트,['스트링'],민소매,"['우븐', '울/캐시미어']",['무지'],루즈,발목,조거팬츠,['우븐'],['무지'],루즈,블랙,,블랙,니트웨어,,긴팔,"['울/캐시미어', '저지']",['무지'],터틀넥,타이트,['포켓'],,,,,,,,,,후드,,
248,1260352,힙합,"아우터, 하의, 상의",10,노말,블루,,재킷,"['단추', '드롭숄더']",긴팔,['데님'],['무지'],루즈,발목,조거팬츠,['가죽'],['무지'],와이드,블랙,,블랙,탑,,없음,['저지'],['무지'],터틀넥,타이트,,,,,,,,,,,,셔츠칼라,
249,1260356,힙합,"아우터, 하의, 상의",10,노말,블루,,재킷,"['단추', '드롭숄더']",긴팔,['데님'],['무지'],루즈,발목,조거팬츠,['가죽'],['무지'],와이드,블랙,,블랙,탑,,없음,['저지'],['무지'],터틀넥,타이트,,,,,,,,,,,,셔츠칼라,
250,1260358,힙합,"아우터, 하의, 상의",10,노말,블루,,재킷,"['단추', '드롭숄더']",긴팔,['데님'],['무지'],루즈,발목,조거팬츠,['가죽'],['무지'],와이드,블랙,,블랙,,,없음,,,,,['포켓'],,,,,,,,,,,셔츠칼라,
251,1260359,힙합,"아우터, 하의, 상의",10,노말,블루,,재킷,"['단추', '드롭숄더']",긴팔,['데님'],['무지'],루즈,발목,조거팬츠,['가죽'],['무지'],와이드,블랙,,블랙,탑,,없음,['저지'],['무지'],터틀넥,타이트,,,,,,,,,,,,셔츠칼라,
252,1260362,힙합,"아우터, 하의, 상의",10,노말,블루,,재킷,"['단추', '드롭숄더']",긴팔,['데님'],['무지'],루즈,발목,조거팬츠,['가죽'],['무지'],와이드,블랙,,블랙,탑,,없음,['저지'],['무지'],터틀넥,타이트,,,,,,,,,,,,셔츠칼라,
253,1267339,힙합,"하의, 상의",3,,,,,,,,,,발목,팬츠,['우븐'],['무지'],노멀,화이트,,옐로우,티셔츠,,반팔,['니트'],['무지'],라운드넥,노멀,['포켓'],,화이트,,,,,,,,,,
254,1267340,힙합,"하의, 상의",3,,,,,,,,,,발목,팬츠,['우븐'],['무지'],노멀,화이트,,옐로우,티셔츠,,반팔,['니트'],['무지'],라운드넥,노멀,['포켓'],,화이트,,,,,,,,,,
255,1267341,힙합,"하의, 상의",3,,,,,,,,,,발목,팬츠,['우븐'],['무지'],노멀,화이트,,옐로우,티셔츠,,반팔,['니트'],['무지'],라운드넥,노멀,['포켓'],,화이트,,,,,,,,,,
256,1267343,힙합,"하의, 상의",3,,,,,,,,,,발목,팬츠,['우븐'],['무지'],노멀,화이트,,옐로우,티셔츠,,반팔,['니트'],['무지'],라운드넥,노멀,['포켓'],,화이트,,,,,,,,,,
257,1267345,힙합,"하의, 상의",3,,,,,,,,,,발목,팬츠,['우븐'],['무지'],노멀,화이트,,옐로우,티셔츠,,반팔,['니트'],['무지'],라운드넥,노멀,['포켓'],,,,,,,,,,,,
258,1267356,힙합,"하의, 상의",3,,,,,,,,,,발목,팬츠,['우븐'],['무지'],노멀,화이트,,민트,티셔츠,,반팔,['니트'],['무지'],라운드넥,노멀,['포켓'],,,,,,,,,,,,
259,1271815,힙합,"하의, 상의",3,,,,,,,,,,발목,팬츠,['우븐'],['무지'],와이드,카키,,블랙,탑,,7부소매,"['저지', '우븐']",['스트라이프'],라운드넥,타이트,"['스트링', '단추', '포켓']",,화이트,,,,,,,,,,
260,1271817,힙합,"하의, 상의",3,,,,,,,,,,발목,팬츠,['우븐'],['무지'],와이드,카키,,블랙,탑,,7부소매,"['저지', '우븐']",['스트라이프'],라운드넥,타이트,"['스트링', '포켓']",,화이트,,,,,,,,,,
261,1278918,힙합,"하의, 상의",3,,,,,,,,,,발목,청바지,['데님'],['무지'],노멀,블루,크롭,네온,탑,"['셔링', '스트링']",민소매,['저지'],['무지'],브이넥,타이트,['디스트로이드'],,,,,,,,,,,,
262,1278922,힙합,"하의, 상의",3,,,,,,,,,,발목,청바지,['데님'],['무지'],노멀,블루,크롭,네온,탑,"['셔링', '스트링']",민소매,['저지'],['무지'],브이넥,타이트,['디스트로이드'],,,,,,,,,,,,
263,1278931,힙합,"하의, 상의",3,,,,,,,,,,발목,청바지,['데님'],['무지'],노멀,블루,크롭,네온,탑,"['셔링', '스트링']",민소매,['저지'],['무지'],브이넥,타이트,['디스트로이드'],,,,,,,,,,,,
264,1283786,힙합,"하의, 상의",3,,,,,,,,,,미니,청바지,['데님'],['무지'],루즈,스카이블루,크롭,퍼플,탑,,민소매,['저지'],['무지'],,타이트,,,,,,,,,,,,,
265,1283787,힙합,"하의, 상의",3,,,,,,,,,,미니,청바지,['데님'],['무지'],루즈,스카이블루,크롭,퍼플,탑,,민소매,['저지'],['무지'],,타이트,,,,,,,,,,,,,
266,1283788,힙합,"하의, 상의",3,,,,,,,,,,미니,청바지,['데님'],['무지'],루즈,스카이블루,크롭,퍼플,탑,,민소매,['저지'],['무지'],,타이트,,,,,,,,,,,,,
267,1283791,힙합,"하의, 상의",3,,,,,,,,,,미니,청바지,['데님'],['무지'],루즈,스카이블루,크롭,퍼플,탑,,민소매,['저지'],['무지'],,타이트,,,,,,,,,,,,,
268,1283792,힙합,"하의, 상의",3,,,,,,,,,,미니,청바지,['데님'],['무지'],루즈,스카이블루,크롭,퍼플,탑,,민소매,['저지'],['무지'],,타이트,,,,,,,,,,,,,
269,1308116,힙합,"하의, 상의",3,,,,,,,,,,발목,조거팬츠,['우븐'],['무지'],루즈,카키,노멀,카키,탑,,긴팔,['우븐'],['무지'],,루즈,,,,,,,,,,,,,
270,1308117,힙합,"하의, 상의",3,,,,,,,,,,발목,조거팬츠,['우븐'],['무지'],루즈,카키,노멀,카키,탑,,긴팔,['우븐'],['무지'],,루즈,,,,,,,,,,,,,
271,1308119,힙합,"하의, 상의",3,,,,,,,,,,발목,조거팬츠,['우븐'],['무지'],루즈,카키,노멀,카키,탑,"['지퍼', '포켓']",긴팔,['우븐'],['무지'],,루즈,,,,,,,,,,,,,
272,1308120,힙합,"하의, 상의",3,,,,,,,,,,발목,조거팬츠,['우븐'],['무지'],루즈,,노멀,실버,탑,"['지퍼', '포켓']",긴팔,['우븐'],['무지'],,루즈,,,,,,,,,,,,,
273,1308121,힙합,"하의, 상의",3,,,,,,,,,,발목,조거팬츠,['우븐'],['무지'],루즈,,노멀,실버,탑,"['지퍼', '포켓']",긴팔,['우븐'],['무지'],,루즈,,,,,,,,,,,,,
274,1308122,힙합,"하의, 상의",3,,,,,,,,,,발목,조거팬츠,['우븐'],['무지'],루즈,카키,노멀,카키,탑,"['지퍼', '포켓']",긴팔,['우븐'],['무지'],,루즈,,,,,,,,,,,,,
275,1308123,힙합,"하의, 상의",3,,,,,,,,,,발목,조거팬츠,['우븐'],['무지'],루즈,,노멀,실버,탑,"['지퍼', '포켓']",긴팔,['우븐'],['무지'],,루즈,,,,,,,,,,,,,
276,1308124,힙합,"하의, 상의",3,,,,,,,,,,발목,조거팬츠,['우븐'],['무지'],루즈,,노멀,실버,탑,"['지퍼', '포켓']",긴팔,['우븐'],['무지'],,루즈,,,,,,,,,,,,,
277,1308127,힙합,"하의, 상의",3,,,,,,,,,,발목,조거팬츠,['우븐'],['무지'],루즈,,노멀,실버,탑,"['지퍼', '포켓']",긴팔,['우븐'],['무지'],,루즈,,,,,,,,,,,,,
278,1308128,힙합,"하의, 상의",3,,,,,,,,,,발목,조거팬츠,['우븐'],['무지'],루즈,,노멀,실버,탑,"['지퍼', '포켓']",긴팔,['우븐'],['무지'],,루즈,,,,,,,,,,,,,
279,1317451,힙합,"하의, 상의",3,,,,,,,,,,미니,스커트,['우븐'],['무지'],노멀,블랙,노멀,화이트,티셔츠,,반팔,['우븐'],['무지'],라운드넥,노멀,['띠'],,,,,,,,,,,,
280,1317452,힙합,"하의, 상의",3,,,,,,,,,,미니,스커트,['우븐'],['무지'],노멀,블랙,노멀,화이트,티셔츠,,반팔,['우븐'],['무지'],라운드넥,노멀,['띠'],,,,,,,,,,,,
281,1317459,힙합,"하의, 상의",3,,,,,,,,,,미니,스커트,['우븐'],['무지'],노멀,블랙,노멀,화이트,티셔츠,,반팔,['우븐'],['무지'],라운드넥,노멀,['띠'],,,,,,,,,,,,
282,1317460,힙합,"하의, 상의",3,,,,,,,,,,미니,스커트,['우븐'],['무지'],노멀,블랙,노멀,화이트,티셔츠,,반팔,['우븐'],['무지'],라운드넥,노멀,['띠'],,,,,,,,,,,,
283,1317461,힙합,"하의, 상의",3,,,,,,,,,,미니,스커트,['우븐'],['무지'],노멀,블랙,노멀,화이트,티셔츠,,반팔,['우븐'],['무지'],라운드넥,노멀,['띠'],,,,,,,,,,,,
284,1317462,힙합,"하의, 상의",3,,,,,,,,,,미니,스커트,['우븐'],['무지'],노멀,블랙,노멀,화이트,티셔츠,,반팔,['우븐'],['무지'],라운드넥,노멀,['띠'],,,,,,,,,,,,
285,1317463,힙합,"하의, 상의",3,,,,,,,,,,미니,스커트,['우븐'],['무지'],노멀,블랙,노멀,화이트,티셔츠,,반팔,['우븐'],['무지'],라운드넥,노멀,['띠'],,,,,,,,,,,,
286,1317464,힙합,"하의, 상의",3,,,,,,,,,,미니,스커트,['우븐'],['무지'],노멀,블랙,노멀,화이트,티셔츠,,반팔,['우븐'],['무지'],라운드넥,노멀,['띠'],,,,,,,,,,,,
287,1317465,힙합,"하의, 상의",3,,,,,,,,,,미니,스커트,['우븐'],['무지'],노멀,블랙,노멀,화이트,티셔츠,,반팔,['우븐'],['무지'],라운드넥,노멀,['띠'],,,,,,,,,,,,
288,1317466,힙합,"하의, 상의",3,,,,,,,,,,미니,스커트,['우븐'],['무지'],노멀,블랙,노멀,화이트,티셔츠,,반팔,['우븐'],['무지'],라운드넥,노멀,['띠'],,,,,,,,,,,,
289,1317469,힙합,"하의, 상의",3,,,,,,,,,,미니,스커트,['우븐'],['무지'],노멀,블랙,노멀,화이트,티셔츠,,반팔,['우븐'],['무지'],라운드넥,노멀,['띠'],,,,,,,,,,,,
290,1317470,힙합,"하의, 상의",3,,,,,,,,,,미니,스커트,['우븐'],['무지'],노멀,블랙,노멀,화이트,티셔츠,,반팔,['우븐'],['무지'],라운드넥,노멀,['띠'],,,,,,,,,,,,
291,1317471,힙합,"하의, 상의",3,,,,,,,,,,미니,스커트,['우븐'],['무지'],노멀,블랙,노멀,화이트,티셔츠,,반팔,['우븐'],['무지'],라운드넥,노멀,['띠'],,,,,,,,,,,,
292,1317472,힙합,"하의, 상의",3,,,,,,,,,,미니,스커트,['우븐'],['무지'],노멀,블랙,노멀,화이트,티셔츠,,반팔,['우븐'],['무지'],라운드넥,노멀,['띠'],,,,,,,,,,,,
293,1317473,힙합,"하의, 상의",3,,,,,,,,,,미니,스커트,['우븐'],['무지'],노멀,블랙,노멀,화이트,티셔츠,,반팔,['우븐'],['무지'],라운드넥,노멀,['띠'],,,,,,,,,,,,
294,1317474,힙합,"하의, 상의",3,,,,,,,,,,미니,스커트,['우븐'],['무지'],노멀,블랙,노멀,화이트,티셔츠,,반팔,['우븐'],['무지'],라운드넥,노멀,['띠'],,,,,,,,,,,,
295,1317475,힙합,"하의, 상의",3,,,,,,,,,,미니,스커트,['우븐'],['무지'],노멀,블랙,노멀,화이트,티셔츠,,반팔,['우븐'],['무지'],라운드넥,노멀,['띠'],,,,,,,,,,,,
296,1317476,힙합,"하의, 상의",3,,,,,,,,,,미니,스커트,['우븐'],['무지'],노멀,블랙,노멀,화이트,티셔츠,,반팔,['우븐'],['무지'],라운드넥,노멀,['띠'],,,,,,,,,,,,
297,1317479,힙합,"하의, 상의",3,,,,,,,,,,미니,스커트,['우븐'],['무지'],노멀,블랙,노멀,화이트,티셔츠,,반팔,['우븐'],['무지'],라운드넥,노멀,['띠'],,,,,,,,,,,,
298,1317480,힙합,"하의, 상의",3,,,,,,,,,,미니,스커트,['우븐'],['무지'],노멀,블랙,노멀,화이트,티셔츠,,반팔,['우븐'],['무지'],라운드넥,노멀,['띠'],,,,,,,,,,,,
299,1317481,힙합,"하의, 상의",3,,,,,,,,,,미니,스커트,['우븐'],['무지'],노멀,블랙,노멀,화이트,티셔츠,,반팔,['우븐'],['무지'],라운드넥,노멀,['띠'],,,,,,,,,,,,
300,1317482,힙합,"하의, 상의",3,,,,,,,,,,미니,스커트,['우븐'],['무지'],노멀,블랙,노멀,화이트,티셔츠,,반팔,['우븐'],['무지'],라운드넥,노멀,['띠'],,,,,,,,,,,,
301,1317483,힙합,"하의, 상의",3,,,,,,,,,,미니,스커트,['우븐'],['무지'],노멀,블랙,노멀,화이트,티셔츠,,반팔,['우븐'],['무지'],라운드넥,노멀,['띠'],,,,,,,,,,,,
302,1321031,힙합,"하의, 상의",3,,,,,,,,,,발목,팬츠,['데님'],['무지'],루즈,그레이,노멀,블랙,탑,,민소매,['우븐'],['무지'],,타이트,['띠'],,,,,,,,,,,,
303,1321034,힙합,"하의, 상의",3,,,,,,,,,,,,,,,그레이,노멀,블랙,탑,,민소매,['우븐'],['무지'],,타이트,,,,,,,,,,,,,
304,1321091,힙합,"하의, 상의",3,,,,,,,,,,발목,팬츠,['데님'],['무지'],루즈,그레이,노멀,블랙,탑,,민소매,['우븐'],['무지'],,타이트,['띠'],,,,,,,,,,,,
305,1321092,힙합,"하의, 상의",3,,,,,,,,,,발목,팬츠,['데님'],['무지'],루즈,그레이,노멀,블랙,탑,,민소매,['우븐'],['무지'],,타이트,['띠'],,,,,,,,,,,,
306,1321093,힙합,"하의, 상의",3,,,,,,,,,,발목,팬츠,['데님'],['무지'],루즈,그레이,노멀,블랙,탑,,민소매,['우븐'],['무지'],,타이트,['띠'],,,,,,,,,,,,
307,1321158,힙합,"하의, 상의",3,,,,,,,,,,발목,팬츠,['데님'],['무지'],루즈,그레이,노멀,블랙,탑,,민소매,['우븐'],['무지'],,타이트,['띠'],,,,,,,,,,,,
308,1321161,힙합,"하의, 상의",3,,,,,,,,,,발목,팬츠,['데님'],['무지'],루즈,그레이,노멀,블랙,탑,,민소매,['우븐'],['무지'],,타이트,['띠'],,,,,,,,,,,,
309,1346530,힙합,"아우터, 하의",4,노말,카키,,짚업,['패치워크'],긴팔,"['플리스', '벨벳']",,루즈,맥시,조거팬츠,['저지'],,루즈,카키,,,,,,,,,,['포켓'],,,,,,,,,,터틀넥,,
310,1346531,힙합,"아우터, 하의, 상의",10,노말,카키,,짚업,['패치워크'],긴팔,"['플리스', '벨벳']",,루즈,맥시,조거팬츠,['저지'],,루즈,카키,,화이트,,,없음,,,,,['포켓'],,,,,,,,,,터틀넥,,
311,1346532,힙합,"아우터, 하의",4,노말,카키,,짚업,['패치워크'],긴팔,"['플리스', '벨벳']",,루즈,맥시,조거팬츠,['저지'],,루즈,카키,,,,,,,,,,['포켓'],,,,,,,,,,터틀넥,,
312,1346533,힙합,"아우터, 하의",4,노말,카키,,짚업,['패치워크'],긴팔,"['플리스', '벨벳']",,루즈,맥시,조거팬츠,['저지'],,루즈,카키,,,,,,,,,,['포켓'],,,,,,,,,,터틀넥,,
313,1346534,힙합,"아우터, 하의, 상의",10,노말,,,짚업,['패치워크'],,"['플리스', '벨벳']",,루즈,맥시,조거팬츠,['저지'],,루즈,카키,,카키,,,긴팔,,,,,['포켓'],,,,,,,,,,터틀넥,,
314,1347211,힙합,"하의, 상의",3,,,,,,,,,,맥시,청바지,['데님'],,와이드,스카이블루,롱,블랙,셔츠,['스티치'],긴팔,['저지'],,라운드넥,오버사이즈,"['컷아웃', '포켓', '지퍼', '버클', '단추']",,화이트,,,,,,,,,,
315,1347212,힙합,"하의, 상의",3,,,,,,,,,,맥시,청바지,['데님'],,와이드,스카이블루,롱,블랙,셔츠,['스티치'],긴팔,['저지'],,라운드넥,오버사이즈,"['컷아웃', '포켓', '지퍼', '버클', '단추']",,화이트,,,,,,,,,,
316,1347214,힙합,"하의, 상의",3,,,,,,,,,,맥시,청바지,['데님'],,와이드,,롱,블랙,셔츠,['스티치'],긴팔,['저지'],,라운드넥,오버사이즈,"['컷아웃', '포켓', '지퍼', '버클', '단추']",,화이트,,,,,,,,,,
317,1347215,힙합,"하의, 상의",3,,,,,,,,,,맥시,청바지,['데님'],,와이드,스카이블루,롱,블랙,셔츠,['스티치'],긴팔,['저지'],,라운드넥,오버사이즈,"['컷아웃', '포켓', '지퍼', '버클', '단추']",,화이트,,,,,,,,,,
318,161057,힙합,"하의, 상의",3,,,,,,,,,,발목,스커트,['우븐'],['스트라이프'],노멀,스카이블루,,화이트,티셔츠,['롤업'],긴팔,['저지'],['그래픽'],라운드넥,노멀,"['비대칭', '단추']",화이트,블랙,,,,,,,,,,
319,161058,힙합,"하의, 상의",3,,,,,,,,,,발목,스커트,['우븐'],['스트라이프'],노멀,스카이블루,,화이트,티셔츠,['롤업'],긴팔,['저지'],['그래픽'],라운드넥,노멀,"['비대칭', '단추']",화이트,블랙,,,,,,,,,,
320,161059,힙합,"하의, 상의",3,,,,,,,,,,발목,스커트,['우븐'],['스트라이프'],노멀,스카이블루,,화이트,티셔츠,['롤업'],긴팔,['저지'],['그래픽'],라운드넥,노멀,"['비대칭', '단추']",화이트,블랙,,,,,,,,,,
321,161063,힙합,"하의, 상의",3,,,,,,,,,,발목,스커트,['우븐'],['스트라이프'],노멀,스카이블루,,화이트,티셔츠,['롤업'],긴팔,['저지'],['그래픽'],라운드넥,노멀,"['비대칭', '단추']",화이트,블랙,,,,,,,,,,
322,161064,힙합,"하의, 상의",3,,,,,,,,,,발목,스커트,['우븐'],['스트라이프'],노멀,스카이블루,,화이트,티셔츠,['롤업'],긴팔,['저지'],['그래픽'],라운드넥,노멀,"['비대칭', '단추']",화이트,블랙,,,,,,,,,,
323,161065,힙합,"하의, 상의",3,,,,,,,,,,발목,스커트,['우븐'],['스트라이프'],노멀,스카이블루,,화이트,티셔츠,['롤업'],긴팔,['저지'],['그래픽'],라운드넥,노멀,"['비대칭', '단추']",화이트,블랙,,,,,,,,,,
324,161066,힙합,"하의, 상의",3,,,,,,,,,,발목,스커트,['우븐'],['스트라이프'],노멀,스카이블루,,화이트,티셔츠,['롤업'],긴팔,['저지'],['그래픽'],라운드넥,노멀,"['비대칭', '단추']",화이트,블랙,,,,,,,,,,
325,161067,힙합,"하의, 상의",3,,,,,,,,,,발목,스커트,['우븐'],['스트라이프'],노멀,스카이블루,,화이트,티셔츠,['롤업'],긴팔,['저지'],['그래픽'],라운드넥,노멀,"['비대칭', '단추']",화이트,블랙,,,,,,,,,,
326,161068,힙합,"하의, 상의",3,,,,,,,,,,발목,스커트,['우븐'],['스트라이프'],노멀,스카이블루,,화이트,티셔츠,['롤업'],긴팔,['저지'],['그래픽'],라운드넥,노멀,"['비대칭', '단추']",화이트,블랙,,,,,,,,,,
327,161069,힙합,"하의, 상의",3,,,,,,,,,,발목,스커트,['우븐'],['스트라이프'],노멀,스카이블루,,화이트,티셔츠,['롤업'],긴팔,['저지'],['그래픽'],라운드넥,노멀,"['비대칭', '단추']",화이트,블랙,,,,,,,,,,
328,161070,힙합,"하의, 상의",3,,,,,,,,,,발목,스커트,['우븐'],['스트라이프'],노멀,스카이블루,,화이트,티셔츠,['롤업'],긴팔,['저지'],['그래픽'],라운드넥,노멀,"['비대칭', '단추']",화이트,블랙,,,,,,,,,,
329,161093,힙합,"하의, 상의",3,,,,,,,,,,,,,,,화이트,롱,블루,티셔츠,"['슬릿', '비대칭', '드롭숄더']",긴팔,['저지'],['레터링'],브이넥,오버사이즈,,,화이트,,,,,,,,,,
330,161095,힙합,"하의, 상의",3,,,,,,,,,,미니,팬츠,['데님'],,스키니,화이트,롱,블루,티셔츠,"['슬릿', '비대칭', '드롭숄더']",긴팔,['저지'],['레터링'],,오버사이즈,"['롤업', '디스트로이드']",,화이트,,,,,,,,,,
331,161096,힙합,"하의, 상의",3,,,,,,,,,,,,,,,화이트,롱,블루,티셔츠,"['슬릿', '비대칭', '드롭숄더']",긴팔,['저지'],['레터링'],브이넥,오버사이즈,,,화이트,,,,,,,,,,
332,161099,힙합,"하의, 상의",3,,,,,,,,,,미니,팬츠,['데님'],,스키니,화이트,롱,블루,티셔츠,"['슬릿', '비대칭', '드롭숄더']",긴팔,['저지'],['레터링'],브이넥,오버사이즈,"['롤업', '디스트로이드']",,화이트,,,,,,,,,,
333,161100,힙합,"하의, 상의",3,,,,,,,,,,,,,,,화이트,롱,블루,티셔츠,"['슬릿', '비대칭', '드롭숄더']",긴팔,['저지'],['레터링'],브이넥,오버사이즈,,,화이트,,,,,,,,,,
334,161103,힙합,"하의, 상의",3,,,,,,,,,,미니,팬츠,['데님'],,스키니,화이트,롱,블루,티셔츠,"['슬릿', '비대칭', '드롭숄더']",긴팔,['저지'],['레터링'],브이넥,오버사이즈,"['롤업', '디스트로이드']",,화이트,,,,,,,,,,
335,161108,힙합,"하의, 상의",3,,,,,,,,,,미디,청바지,['데님'],,와이드,네이비,노멀,그레이,후드티,"['포켓', '드롭숄더', '패치워크']",긴팔,['저지'],,후드,루즈,['롤업'],,오렌지,,,,,,,,,,
336,161119,힙합,"하의, 상의",3,,,,,,,,,,미디,청바지,['데님'],,와이드,네이비,노멀,그레이,후드티,"['드롭숄더', '패치워크', '포켓']",긴팔,['저지'],,후드,루즈,['롤업'],,오렌지,,,,,,,,,,
337,161123,힙합,"하의, 상의",3,,,,,,,,,,미디,청바지,['데님'],,와이드,네이비,노멀,그레이,후드티,"['드롭숄더', '패치워크', '포켓']",긴팔,['저지'],,후드,루즈,['롤업'],,오렌지,,,,,,,,,,
338,161630,힙합,"아우터, 상의",2,노말,블랙,,점퍼,['드롭숄더'],긴팔,['우븐'],['무지'],루즈,,,,,,,크롭,블랙,티셔츠,,없음,['저지'],['레터링'],라운드넥,,,,오렌지,,,,,,,,,밴드칼라,
339,161631,힙합,"아우터, 상의",2,노말,블랙,,점퍼,['드롭숄더'],긴팔,['우븐'],['무지'],루즈,,,,,,,크롭,블랙,티셔츠,,없음,['저지'],['레터링'],라운드넥,,,,오렌지,,,,,,,,,밴드칼라,
340,161632,힙합,"아우터, 하의, 상의",10,노말,블랙,,점퍼,['드롭숄더'],긴팔,['우븐'],['무지'],루즈,발목,조거팬츠,,['무지'],노멀,블랙,크롭,블랙,티셔츠,,없음,['저지'],['레터링'],라운드넥,,['포켓'],,오렌지,,,,,,,,,,
341,161633,힙합,"아우터, 상의",2,노말,블랙,,점퍼,['드롭숄더'],긴팔,['우븐'],['무지'],루즈,,,,,,,크롭,블랙,티셔츠,,없음,['저지'],['레터링'],라운드넥,,,,오렌지,,,,,,,,,밴드칼라,
342,161635,힙합,"아우터, 상의",2,노말,블랙,,점퍼,['드롭숄더'],긴팔,['우븐'],['무지'],루즈,,,,,,,크롭,블랙,티셔츠,,없음,['저지'],['레터링'],라운드넥,,,,오렌지,,,,,,,,,밴드칼라,
343,161636,힙합,"아우터, 하의, 상의",10,노말,블랙,,점퍼,['드롭숄더'],긴팔,['우븐'],['무지'],루즈,발목,조거팬츠,,['무지'],노멀,블랙,크롭,블랙,티셔츠,,없음,['저지'],['레터링'],라운드넥,,['포켓'],,오렌지,,,,,,,,,,
344,161640,힙합,"아우터, 상의",2,노말,블랙,,점퍼,['드롭숄더'],긴팔,['우븐'],['무지'],루즈,,,,,,,크롭,블랙,티셔츠,,없음,['저지'],['레터링'],라운드넥,,,,오렌지,,,,,,,,,밴드칼라,
345,161641,힙합,"아우터, 하의",4,노말,블랙,,점퍼,['드롭숄더'],긴팔,['우븐'],['무지'],루즈,발목,조거팬츠,,['무지'],노멀,블랙,,,,,,,,,,['포켓'],,,,,,,,,,,밴드칼라,
346,161642,힙합,"아우터, 상의",2,노말,블랙,,점퍼,['드롭숄더'],긴팔,['우븐'],['무지'],루즈,,,,,,,크롭,블랙,티셔츠,,없음,['저지'],['레터링'],라운드넥,,,,오렌지,,,,,,,,,밴드칼라,
347,161643,힙합,"아우터, 하의, 상의",10,노말,블랙,,점퍼,['드롭숄더'],긴팔,['우븐'],['무지'],루즈,발목,조거팬츠,,['무지'],노멀,블랙,크롭,블랙,티셔츠,,없음,['저지'],['레터링'],라운드넥,,['포켓'],,오렌지,,,,,,,,,,
348,161644,힙합,"아우터, 상의",2,노말,블랙,,점퍼,['드롭숄더'],긴팔,['우븐'],['무지'],루즈,,,,,,,크롭,블랙,티셔츠,,없음,['저지'],['레터링'],라운드넥,,,,오렌지,,,,,,,,,밴드칼라,
349,161646,힙합,"아우터, 상의",2,노말,블랙,,점퍼,['드롭숄더'],긴팔,['우븐'],['무지'],루즈,,,,,,,크롭,블랙,티셔츠,,없음,['저지'],['레터링'],라운드넥,,,,오렌지,,,,,,,,,밴드칼라,
350,161647,힙합,"아우터, 하의, 상의",10,노말,블랙,,점퍼,['드롭숄더'],긴팔,['우븐'],['무지'],루즈,발목,조거팬츠,,['무지'],노멀,블랙,크롭,블랙,티셔츠,,없음,['저지'],['레터링'],라운드넥,,['포켓'],,오렌지,,,,,,,,,,
351,161650,힙합,"아우터, 상의",2,노말,블랙,,점퍼,['드롭숄더'],긴팔,['우븐'],['무지'],루즈,,,,,,,크롭,블랙,티셔츠,,없음,['저지'],['레터링'],라운드넥,,,,오렌지,,,,,,,,,밴드칼라,
352,161651,힙합,"아우터, 상의",2,노말,블랙,,점퍼,['드롭숄더'],긴팔,['우븐'],['무지'],루즈,,,,,,,크롭,블랙,티셔츠,,없음,['저지'],['레터링'],라운드넥,,,,오렌지,,,,,,,,,밴드칼라,
353,161652,힙합,"아우터, 하의",4,노말,블랙,,점퍼,['드롭숄더'],긴팔,['우븐'],['무지'],루즈,발목,조거팬츠,,['무지'],노멀,블랙,,,,,,,,,,['포켓'],,,,,,,,,,,밴드칼라,
354,161653,힙합,"아우터, 상의",2,노말,블랙,,점퍼,['드롭숄더'],긴팔,['우븐'],['무지'],루즈,,,,,,,크롭,블랙,티셔츠,,없음,['저지'],['레터링'],라운드넥,,,,오렌지,,,,,,,,,밴드칼라,
355,162290,힙합,"하의, 상의",3,,,,,,,,,,,청바지,['데님'],['무지'],스키니,화이트,노멀,옐로우,후드티,,긴팔,['저지'],"['무지', '믹스']",,오버사이즈,,,그레이,,,,,,,,,,
356,162291,힙합,"하의, 상의",3,,,,,,,,,,,청바지,['데님'],['무지'],스키니,화이트,노멀,옐로우,후드티,,긴팔,['저지'],"['무지', '믹스']",,오버사이즈,,,그레이,,,,,,,,,,
357,162292,힙합,"하의, 상의",3,,,,,,,,,,발목,청바지,['데님'],['무지'],스키니,화이트,노멀,옐로우,후드티,,긴팔,['저지'],"['무지', '믹스']",,오버사이즈,,,그레이,,,,,,,,,,
358,162293,힙합,"하의, 상의",3,,,,,,,,,,,청바지,['데님'],['무지'],스키니,화이트,노멀,옐로우,후드티,,긴팔,['저지'],"['무지', '믹스']",,오버사이즈,,,그레이,,,,,,,,,,
359,162296,힙합,"하의, 상의",3,,,,,,,,,,,청바지,['데님'],['무지'],스키니,,노멀,옐로우,후드티,,긴팔,['저지'],"['무지', '믹스']",,오버사이즈,,,그레이,,,,,,,,,,
360,162297,힙합,"하의, 상의",3,,,,,,,,,,발목,청바지,['데님'],['무지'],스키니,화이트,노멀,옐로우,후드티,,긴팔,['저지'],"['무지', '믹스']",,오버사이즈,,,그레이,,,,,,,,,,
361,162298,힙합,"하의, 상의",3,,,,,,,,,,발목,청바지,['데님'],['무지'],스키니,화이트,노멀,옐로우,후드티,,긴팔,['저지'],"['무지', '믹스']",,오버사이즈,,,그레이,,,,,,,,,,
362,162299,힙합,"하의, 상의",3,,,,,,,,,,,청바지,['데님'],['무지'],스키니,화이트,노멀,옐로우,후드티,,긴팔,['저지'],"['무지', '믹스']",,오버사이즈,,,그레이,,,,,,,,,,
363,162300,힙합,"하의, 상의",3,,,,,,,,,,,청바지,['데님'],['무지'],스키니,화이트,노멀,옐로우,후드티,,긴팔,['저지'],"['무지', '믹스']",,오버사이즈,,,그레이,,,,,,,,,,
364,162301,힙합,"하의, 상의",3,,,,,,,,,,,청바지,['데님'],['무지'],스키니,,노멀,옐로우,후드티,,긴팔,['저지'],"['무지', '믹스']",,오버사이즈,,,그레이,,,,,,,,,,
365,162302,힙합,"하의, 상의",3,,,,,,,,,,,청바지,['데님'],['무지'],스키니,,노멀,옐로우,후드티,,긴팔,['저지'],"['무지', '믹스']",,오버사이즈,,,그레이,,,,,,,,,,
366,162303,힙합,"하의, 상의",3,,,,,,,,,,발목,청바지,['데님'],['무지'],스키니,,노멀,옐로우,후드티,,긴팔,['저지'],"['무지', '믹스']",,오버사이즈,,,그레이,,,,,,,,,,
367,162306,힙합,"하의, 상의",3,,,,,,,,,,,청바지,['데님'],['무지'],스키니,,노멀,옐로우,후드티,,긴팔,['저지'],"['무지', '믹스']",,오버사이즈,,,그레이,,,,,,,,,,
368,162307,힙합,"하의, 상의",3,,,,,,,,,,,청바지,['데님'],['무지'],스키니,,노멀,옐로우,후드티,,긴팔,['저지'],"['무지', '믹스']",,오버사이즈,,,그레이,,,,,,,,,,
369,162308,힙합,"하의, 상의",3,,,,,,,,,,발목,청바지,['데님'],['무지'],스키니,,노멀,옐로우,후드티,,긴팔,['저지'],"['무지', '믹스']",,오버사이즈,,,그레이,,,,,,,,,,
370,162309,힙합,"하의, 상의",3,,,,,,,,,,발목,청바지,['데님'],['무지'],스키니,,노멀,옐로우,후드티,,긴팔,['저지'],"['무지', '믹스']",,오버사이즈,,,그레이,,,,,,,,,,
371,162310,힙합,"하의, 상의",3,,,,,,,,,,,청바지,['데님'],['무지'],스키니,,노멀,옐로우,후드티,,긴팔,['저지'],"['무지', '믹스']",,오버사이즈,,,그레이,,,,,,,,,,
372,162311,힙합,"하의, 상의",3,,,,,,,,,,,청바지,['데님'],['무지'],스키니,,노멀,옐로우,후드티,,긴팔,['저지'],"['무지', '믹스']",,오버사이즈,,,그레이,,,,,,,,,,
373,162312,힙합,"하의, 상의",3,,,,,,,,,,,청바지,['데님'],['무지'],스키니,,노멀,화이트,후드티,,긴팔,['저지'],"['무지', '믹스']",,오버사이즈,,,그레이,,,,,,,,,,
374,162313,힙합,"하의, 상의",3,,,,,,,,,,,청바지,['데님'],['무지'],스키니,,노멀,화이트,후드티,,긴팔,['저지'],"['무지', '믹스']",,오버사이즈,,,그레이,,,,,,,,,,
375,162526,힙합,"하의, 상의",3,,,,,,,,,,발목,팬츠,['저지'],['무지'],와이드,블랙,,화이트,탑,['드롭숄더'],긴팔,['저지'],['무지'],라운드넥,오버사이즈,"['단추', '슬릿']",,,,,,,,,,,,
376,162528,힙합,"하의, 상의",3,,,,,,,,,,발목,팬츠,['저지'],['무지'],와이드,블랙,,화이트,탑,['드롭숄더'],긴팔,['저지'],['무지'],라운드넥,오버사이즈,"['단추', '슬릿']",레드,,,,,,,,,,,
377,162529,힙합,"하의, 상의",3,,,,,,,,,,발목,팬츠,['저지'],['무지'],와이드,블랙,,화이트,,,긴팔,,,,,"['단추', '슬릿']",레드,,,,,,,,,,,
378,162530,힙합,"하의, 상의",3,,,,,,,,,,발목,팬츠,['저지'],['무지'],와이드,블랙,,화이트,탑,['드롭숄더'],긴팔,['저지'],['무지'],라운드넥,오버사이즈,"['단추', '슬릿']",레드,,,,,,,,,,,
379,162531,힙합,"하의, 상의",3,,,,,,,,,,발목,팬츠,['저지'],['무지'],와이드,블랙,,화이트,,,긴팔,,,,,"['단추', '슬릿']",레드,,,,,,,,,,,
380,162532,힙합,"하의, 상의",3,,,,,,,,,,발목,팬츠,['저지'],['무지'],와이드,블랙,,화이트,,,긴팔,,,,,"['단추', '슬릿']",레드,,,,,,,,,,,
381,162533,힙합,"아우터, 하의, 상의",10,크롭,블랙,,점퍼,"['지퍼', '포켓']",긴팔,['패딩'],['무지'],루즈,발목,팬츠,['저지'],['무지'],와이드,블랙,,,탑,['드롭숄더'],,['저지'],['무지'],라운드넥,오버사이즈,"['단추', '슬릿']",,,,,,,,,,,,
382,162537,힙합,"하의, 상의",3,,,,,,,,,,발목,팬츠,['저지'],['무지'],와이드,블랙,,화이트,탑,['드롭숄더'],긴팔,['저지'],['무지'],라운드넥,오버사이즈,"['단추', '슬릿']",레드,,,,,,,,,,,
383,162538,힙합,"하의, 상의",3,,,,,,,,,,발목,팬츠,['저지'],['무지'],와이드,블랙,,화이트,탑,['드롭숄더'],긴팔,['저지'],['무지'],라운드넥,오버사이즈,"['단추', '슬릿']",레드,,,,,,,,,,,
384,162539,힙합,"하의, 상의",3,,,,,,,,,,발목,팬츠,['저지'],['무지'],와이드,블랙,,화이트,,,긴팔,,,,,"['단추', '슬릿']",레드,,,,,,,,,,,
385,162540,힙합,"하의, 상의",3,,,,,,,,,,발목,팬츠,['저지'],['무지'],와이드,블랙,,화이트,탑,['드롭숄더'],긴팔,['저지'],['무지'],라운드넥,오버사이즈,"['단추', '슬릿']",레드,,,,,,,,,,,
386,162541,힙합,"하의, 상의",3,,,,,,,,,,발목,팬츠,['저지'],['무지'],와이드,블랙,,화이트,,,긴팔,,,,,"['단추', '슬릿']",레드,,,,,,,,,,,
387,162542,힙합,"하의, 상의",3,,,,,,,,,,발목,팬츠,['저지'],['무지'],와이드,블랙,,화이트,탑,['드롭숄더'],긴팔,['저지'],['무지'],라운드넥,오버사이즈,"['단추', '슬릿']",레드,,,,,,,,,,,
388,162543,힙합,"하의, 상의",3,,,,,,,,,,발목,팬츠,['저지'],['무지'],와이드,블랙,,화이트,,,긴팔,,,,,"['단추', '슬릿']",레드,,,,,,,,,,,
389,165033,힙합,"하의, 상의",3,,,,,,,,,,미니,팬츠,['우븐'],['무지'],노멀,화이트,노멀,그레이,티셔츠,['드롭숄더'],반팔,['저지'],['레터링'],라운드넥,루즈,"['디스트로이드', '포켓', '롤업']",,블랙,,,,,,,,,,
390,165034,힙합,"하의, 상의",3,,,,,,,,,,미니,팬츠,['우븐'],['무지'],노멀,화이트,노멀,그레이,티셔츠,['드롭숄더'],반팔,['저지'],['레터링'],라운드넥,루즈,"['디스트로이드', '포켓', '롤업']",,블랙,,,,,,,,,,
391,165035,힙합,"하의, 상의",3,,,,,,,,,,미디,팬츠,['레이스'],['무지'],노멀,블랙,롱,그레이,티셔츠,"['드롭숄더', '슬릿']",반팔,['저지'],['레터링'],라운드넥,루즈,,,블랙,,,,,,,,,,
392,165036,힙합,"하의, 상의",3,,,,,,,,,,미디,팬츠,['레이스'],['무지'],노멀,블랙,롱,그레이,티셔츠,"['드롭숄더', '슬릿']",반팔,['저지'],['레터링'],라운드넥,루즈,,,블랙,,,,,,,,,,
393,165037,힙합,"하의, 상의",3,,,,,,,,,,미디,팬츠,['레이스'],['무지'],노멀,블랙,롱,그레이,티셔츠,['드롭숄더'],반팔,['저지'],['그래픽'],라운드넥,루즈,,,,,,,,,,,,,
394,165038,힙합,"하의, 상의",3,,,,,,,,,,미니,팬츠,['우븐'],['무지'],노멀,화이트,노멀,그레이,티셔츠,['드롭숄더'],반팔,['저지'],['레터링'],라운드넥,루즈,"['디스트로이드', '포켓', '롤업']",,블랙,,,,,,,,,,
395,165039,힙합,"하의, 상의",3,,,,,,,,,,미니,팬츠,['우븐'],['무지'],노멀,화이트,노멀,그레이,티셔츠,['드롭숄더'],반팔,['저지'],['레터링'],라운드넥,루즈,"['디스트로이드', '포켓', '롤업']",,블랙,,,,,,,,,,
396,191564,힙합,"하의, 상의",3,,,,,,,,,,발목,팬츠,['저지'],"['체크', '무지']",스키니,블랙,롱,블랙,탑,,긴팔,['저지'],"['레터링', '그래픽']",라운드넥,오버사이즈,,화이트,화이트,,,,,,,,,,
397,191565,힙합,"하의, 상의",3,,,,,,,,,,발목,팬츠,['저지'],"['체크', '무지']",스키니,블랙,롱,블랙,탑,,긴팔,['저지'],"['레터링', '그래픽']",라운드넥,오버사이즈,,,화이트,,,,,,,,,,
398,191566,힙합,"하의, 상의",3,,,,,,,,,,발목,팬츠,['저지'],"['체크', '무지']",스키니,블랙,롱,블랙,탑,,긴팔,['저지'],"['레터링', '그래픽']",라운드넥,오버사이즈,,,화이트,,,,,,,,,,
399,191567,힙합,"하의, 상의",3,,,,,,,,,,발목,팬츠,['저지'],"['체크', '무지']",스키니,블랙,롱,블랙,탑,,긴팔,['저지'],"['레터링', '그래픽']",라운드넥,오버사이즈,,,화이트,,,,,,,,,,
400,191568,힙합,"하의, 상의",3,,,,,,,,,,발목,팬츠,['저지'],"['체크', '무지']",스키니,블랙,롱,,탑,,,['저지'],"['레터링', '그래픽']",라운드넥,오버사이즈,,화이트,,,,,,,,,,,
401,191569,힙합,"하의, 상의",3,,,,,,,,,,발목,팬츠,['저지'],"['체크', '무지']",스키니,블랙,롱,블랙,탑,,긴팔,['저지'],"['레터링', '그래픽']",라운드넥,오버사이즈,,화이트,화이트,,,,,,,,,,
402,191570,힙합,"하의, 상의",3,,,,,,,,,,발목,팬츠,['저지'],"['체크', '무지']",스키니,블랙,롱,블랙,탑,,긴팔,['저지'],"['레터링', '그래픽']",라운드넥,오버사이즈,,화이트,화이트,,,,,,,,,,
403,191575,힙합,"하의, 상의",3,,,,,,,,,,발목,팬츠,['저지'],"['체크', '무지']",스키니,블랙,롱,블랙,탑,,긴팔,['저지'],"['레터링', '그래픽']",라운드넥,오버사이즈,,화이트,화이트,,,,,,,,,,
404,191576,힙합,"하의, 상의",3,,,,,,,,,,발목,팬츠,['저지'],"['체크', '무지']",스키니,블랙,롱,블랙,탑,,긴팔,['저지'],"['레터링', '그래픽']",라운드넥,오버사이즈,,화이트,화이트,,,,,,,,,,
405,191577,힙합,"하의, 상의",3,,,,,,,,,,발목,팬츠,['저지'],"['체크', '무지']",스키니,실버,롱,실버,탑,,긴팔,['저지'],"['레터링', '그래픽']",라운드넥,오버사이즈,,블랙,,,,,,,,,,,
406,191579,힙합,"하의, 상의",3,,,,,,,,,,발목,팬츠,['저지'],"['체크', '무지']",스키니,실버,롱,실버,탑,,긴팔,['저지'],"['레터링', '그래픽']",라운드넥,오버사이즈,,블랙,블랙,,,,,,,,,,
407,191580,힙합,"하의, 상의",3,,,,,,,,,,발목,팬츠,['저지'],"['체크', '무지']",스키니,실버,롱,실버,탑,,긴팔,['저지'],"['레터링', '그래픽']",라운드넥,오버사이즈,,블랙,블랙,,,,,,,,,,
408,191584,힙합,"하의, 상의",3,,,,,,,,,,발목,팬츠,['저지'],"['체크', '무지']",스키니,실버,롱,실버,탑,,긴팔,['저지'],"['레터링', '그래픽']",라운드넥,오버사이즈,,블랙,,,,,,,,,,,
409,191585,힙합,"하의, 상의",3,,,,,,,,,,발목,팬츠,['저지'],"['체크', '무지']",스키니,실버,롱,실버,탑,,긴팔,['저지'],"['레터링', '그래픽']",라운드넥,오버사이즈,,블랙,,,,,,,,,,,
410,191587,힙합,"하의, 상의",3,,,,,,,,,,발목,팬츠,['저지'],"['체크', '무지']",스키니,실버,롱,실버,탑,,긴팔,['저지'],"['레터링', '그래픽']",라운드넥,오버사이즈,,블랙,,,,,,,,,,,
411,191588,힙합,"하의, 상의",3,,,,,,,,,,발목,팬츠,['저지'],"['체크', '무지']",스키니,블랙,롱,블랙,탑,,긴팔,['저지'],"['레터링', '그래픽']",라운드넥,오버사이즈,,화이트,화이트,,,,,,,,,,
412,191589,힙합,"하의, 상의",3,,,,,,,,,,발목,팬츠,['저지'],"['체크', '무지']",스키니,블랙,롱,블랙,탑,,긴팔,['저지'],"['레터링', '그래픽']",라운드넥,오버사이즈,,,화이트,,,,,,,,,,
413,191756,힙합,"하의, 상의",3,,,,,,,,,,발목,팬츠,['우븐'],['무지'],스키니,블랙,롱,베이지,후드티,['니트꽈베기'],긴팔,['저지'],['레터링'],후드,오버사이즈,,,레드,,,,,,,,,,
414,191758,힙합,"하의, 상의",3,,,,,,,,,,발목,팬츠,['우븐'],['무지'],스키니,블랙,롱,베이지,후드티,['니트꽈베기'],긴팔,['저지'],['레터링'],후드,오버사이즈,,그린,레드,,,,,,,,,,
415,191761,힙합,"하의, 상의",3,,,,,,,,,,발목,팬츠,['우븐'],['무지'],스키니,블랙,롱,베이지,후드티,['니트꽈베기'],긴팔,['저지'],['레터링'],후드,오버사이즈,,,레드,,,,,,,,,,
416,191767,힙합,"하의, 상의",3,,,,,,,,,,발목,팬츠,['저지'],['스트라이프'],벨보텀,,롱,블랙,후드티,['니트꽈베기'],긴팔,['저지'],['레터링'],후드,오버사이즈,,,옐로우,,,,,,,,,,
417,191777,힙합,"하의, 상의",3,,,,,,,,,,발목,조거팬츠,['저지'],['무지'],루즈,블랙,롱,블랙,탑,,긴팔,['저지'],['레터링'],라운드넥,오버사이즈,,,화이트,,,,,,,,,,
418,191778,힙합,"하의, 상의",3,,,,,,,,,,발목,조거팬츠,['저지'],['무지'],루즈,블랙,롱,블랙,탑,,긴팔,['저지'],['레터링'],라운드넥,오버사이즈,,,화이트,,,,,,,,,,
419,191780,힙합,"하의, 상의",3,,,,,,,,,,발목,조거팬츠,['저지'],['무지'],루즈,블랙,롱,블랙,탑,,긴팔,['저지'],['레터링'],라운드넥,오버사이즈,,,화이트,,,,,,,,,,
420,191781,힙합,"하의, 상의",3,,,,,,,,,,발목,조거팬츠,['저지'],['무지'],루즈,블랙,롱,블랙,탑,,긴팔,['저지'],['레터링'],라운드넥,오버사이즈,,,화이트,,,,,,,,,,
421,191783,힙합,"하의, 상의",3,,,,,,,,,,발목,조거팬츠,['저지'],['무지'],루즈,블랙,롱,블랙,탑,,긴팔,['저지'],['레터링'],라운드넥,오버사이즈,,,화이트,,,,,,,,,,
422,191784,힙합,"하의, 상의",3,,,,,,,,,,발목,조거팬츠,['저지'],['무지'],루즈,블랙,롱,블랙,탑,,긴팔,['저지'],['레터링'],라운드넥,오버사이즈,,,화이트,,,,,,,,,,
423,191787,힙합,"하의, 상의",3,,,,,,,,,,발목,조거팬츠,['저지'],['무지'],루즈,블랙,롱,블랙,탑,,긴팔,['저지'],['레터링'],라운드넥,오버사이즈,,,화이트,,,,,,,,,,
424,191788,힙합,"하의, 상의",3,,,,,,,,,,발목,조거팬츠,['저지'],['무지'],루즈,베이지,롱,베이지,탑,,긴팔,['저지'],['레터링'],라운드넥,오버사이즈,,,블랙,,,,,,,,,,
425,191791,힙합,"하의, 상의",3,,,,,,,,,,발목,조거팬츠,['저지'],['무지'],루즈,베이지,롱,베이지,탑,,긴팔,['저지'],['레터링'],라운드넥,오버사이즈,,,블랙,,,,,,,,,,
426,191792,힙합,"하의, 상의",3,,,,,,,,,,발목,조거팬츠,['저지'],['무지'],루즈,화이트,롱,화이트,탑,,긴팔,['저지'],['레터링'],라운드넥,오버사이즈,,,블랙,,,,,,,,,,
427,191793,힙합,"하의, 상의",3,,,,,,,,,,발목,조거팬츠,['저지'],['무지'],루즈,베이지,롱,베이지,탑,,긴팔,['저지'],['레터링'],라운드넥,오버사이즈,,,블랙,,,,,,,,,,
428,191798,힙합,"하의, 상의",3,,,,,,,,,,발목,조거팬츠,['저지'],['무지'],루즈,베이지,롱,베이지,탑,,긴팔,['저지'],['레터링'],라운드넥,오버사이즈,,,블랙,,,,,,,,,,
429,191818,힙합,"하의, 상의",3,,,,,,,,,,발목,래깅스,['저지'],['무지'],스키니,블랙,롱,화이트,후드티,['포켓'],긴팔,['저지'],['레터링'],후드,오버사이즈,,,블랙,,,,,,,,,,
430,191821,힙합,"하의, 상의",3,,,,,,,,,,발목,래깅스,['저지'],['무지'],스키니,블랙,롱,화이트,후드티,['포켓'],긴팔,['저지'],['레터링'],후드,오버사이즈,,,블랙,,,,,,,,,,
431,191824,힙합,"하의, 상의",3,,,,,,,,,,발목,래깅스,['저지'],['무지'],스키니,블랙,롱,화이트,후드티,['포켓'],긴팔,['저지'],['레터링'],후드,오버사이즈,,,블랙,,,,,,,,,,
432,191828,힙합,"하의, 상의",3,,,,,,,,,,발목,래깅스,['저지'],['무지'],스키니,블랙,롱,실버,후드티,['포켓'],긴팔,['저지'],['레터링'],후드,오버사이즈,,,블랙,,,,,,,,,,
433,191831,힙합,"하의, 상의",3,,,,,,,,,,발목,래깅스,['저지'],['무지'],스키니,블랙,롱,실버,후드티,['포켓'],긴팔,['저지'],['레터링'],후드,오버사이즈,,,블랙,,,,,,,,,,
434,191835,힙합,"하의, 상의",3,,,,,,,,,,발목,래깅스,['저지'],['무지'],스키니,실버,롱,블랙,후드티,['포켓'],긴팔,['저지'],['레터링'],후드,오버사이즈,,,화이트,,,,,,,,,,
435,191881,힙합,"하의, 상의",3,,,,,,,,,,발목,래깅스,['저지'],['레터링'],스키니,블랙,롱,화이트,탑,,긴팔,['저지'],['레터링'],라운드넥,오버사이즈,,화이트,블랙,,,,,,,,,,
436,191887,힙합,"하의, 상의",3,,,,,,,,,,발목,래깅스,['저지'],['레터링'],스키니,블랙,롱,화이트,탑,,긴팔,['저지'],['레터링'],라운드넥,오버사이즈,,,,,,,,,,,,,
437,191890,힙합,"하의, 상의",3,,,,,,,,,,발목,래깅스,['저지'],['레터링'],스키니,블랙,,화이트,,,긴팔,,,,,,,블랙,,,,,,,,,,
438,191901,힙합,"하의, 상의",3,,,,,,,,,,발목,래깅스,['저지'],['레터링'],스키니,블랙,롱,블랙,탑,,긴팔,['저지'],['레터링'],라운드넥,오버사이즈,,화이트,화이트,,,,,,,,,,
439,191905,힙합,"하의, 상의",3,,,,,,,,,,발목,래깅스,['저지'],['레터링'],스키니,,롱,블랙,탑,,긴팔,['저지'],['레터링'],라운드넥,오버사이즈,,,화이트,,,,,,,,,,
440,191910,힙합,"하의, 상의",3,,,,,,,,,,발목,래깅스,"['가죽', '저지']","['호피', '무지']",스키니,블랙,롱,실버,후드티,['포켓'],긴팔,['저지'],['그래픽'],후드,오버사이즈,,브라운,,,,,,,,,,,
441,191911,힙합,"하의, 상의",3,,,,,,,,,,발목,래깅스,"['가죽', '저지']","['호피', '무지']",스키니,블랙,롱,실버,후드티,['포켓'],긴팔,['저지'],['그래픽'],후드,오버사이즈,,브라운,,,,,,,,,,,
442,191913,힙합,"하의, 상의",3,,,,,,,,,,발목,래깅스,"['가죽', '저지']","['호피', '무지']",스키니,블랙,롱,실버,후드티,['포켓'],긴팔,['저지'],['그래픽'],후드,오버사이즈,,브라운,,,,,,,,,,,
443,191914,힙합,"하의, 상의",3,,,,,,,,,,발목,래깅스,"['가죽', '저지']","['호피', '무지']",스키니,블랙,롱,실버,후드티,['포켓'],긴팔,['저지'],['그래픽'],후드,오버사이즈,,브라운,,,,,,,,,,,
444,191915,힙합,"하의, 상의",3,,,,,,,,,,발목,래깅스,"['가죽', '저지']","['호피', '무지']",스키니,블랙,롱,실버,후드티,['포켓'],긴팔,['저지'],['그래픽'],후드,오버사이즈,,브라운,,,,,,,,,,,
445,191916,힙합,"하의, 상의",3,,,,,,,,,,발목,래깅스,"['가죽', '저지']","['호피', '무지']",스키니,블랙,롱,실버,후드티,['포켓'],긴팔,['저지'],['그래픽'],후드,오버사이즈,,브라운,,,,,,,,,,,
446,191918,힙합,"하의, 상의",3,,,,,,,,,,발목,래깅스,"['가죽', '저지']","['호피', '무지']",스키니,블랙,롱,실버,후드티,['포켓'],긴팔,['저지'],['그래픽'],후드,오버사이즈,,브라운,,,,,,,,,,,
447,191923,힙합,"하의, 상의",3,,,,,,,,,,발목,래깅스,"['가죽', '저지']","['호피', '무지']",스키니,블랙,,실버,,,긴팔,,,,,,브라운,,,,,,,,,,,
448,191924,힙합,"하의, 상의",3,,,,,,,,,,발목,래깅스,"['가죽', '저지']","['호피', '무지']",스키니,블랙,,실버,,,긴팔,,,,,,브라운,,,,,,,,,,,
449,191929,힙합,"하의, 상의",3,,,,,,,,,,발목,래깅스,['저지'],"['무지', '호피']",스키니,블랙,롱,오렌지,후드티,['포켓'],긴팔,['저지'],"['무지', '호피']",후드,오버사이즈,,,,,,,,,,,,,
450,191933,힙합,"하의, 상의",3,,,,,,,,,,발목,래깅스,['저지'],"['무지', '호피']",스키니,블랙,롱,오렌지,후드티,['포켓'],긴팔,['저지'],"['무지', '호피']",후드,오버사이즈,,,블랙,,,,,,,,,,
451,191935,힙합,"하의, 상의",3,,,,,,,,,,발목,래깅스,['저지'],"['무지', '호피']",스키니,블랙,롱,오렌지,후드티,['포켓'],긴팔,['저지'],"['무지', '호피']",후드,오버사이즈,,브라운,,,,,,,,,,,
452,191939,힙합,"하의, 상의",3,,,,,,,,,,발목,래깅스,['저지'],"['무지', '호피']",스키니,블랙,롱,화이트,후드티,['포켓'],긴팔,['저지'],"['무지', '호피']",후드,오버사이즈,,브라운,블랙,,,,,,,,,,
453,191940,힙합,"하의, 상의",3,,,,,,,,,,발목,래깅스,['저지'],"['무지', '호피']",스키니,블랙,롱,블랙,후드티,['포켓'],긴팔,['저지'],"['무지', '호피']",후드,오버사이즈,,,,,,,,,,,,,
454,191945,힙합,"하의, 상의",3,,,,,,,,,,발목,래깅스,['저지'],"['무지', '호피']",스키니,블랙,롱,화이트,후드티,['포켓'],긴팔,['저지'],"['무지', '호피']",후드,오버사이즈,,브라운,,,,,,,,,,,
455,191955,힙합,"하의, 상의",3,,,,,,,,,,발목,래깅스,['저지'],"['무지', '호피']",스키니,블랙,롱,블랙,탑,['지퍼'],긴팔,['저지'],['레터링'],,오버사이즈,,브라운,화이트,,,,,,,,,,
456,191957,힙합,"하의, 상의",3,,,,,,,,,,발목,래깅스,['저지'],"['무지', '호피']",스키니,블랙,롱,블랙,탑,['지퍼'],긴팔,['저지'],['레터링'],,오버사이즈,,브라운,화이트,,,,,,,,,,
457,191960,힙합,"하의, 상의",3,,,,,,,,,,발목,래깅스,['저지'],"['무지', '호피']",스키니,블랙,롱,블랙,탑,['지퍼'],긴팔,['저지'],['레터링'],,오버사이즈,,브라운,화이트,,,,,,,,,,
458,191962,힙합,"하의, 상의",3,,,,,,,,,,발목,래깅스,['저지'],"['무지', '호피']",스키니,블랙,롱,블랙,탑,['지퍼'],긴팔,['저지'],['레터링'],,오버사이즈,,브라운,화이트,,,,,,,,,,
459,191968,힙합,"하의, 상의",3,,,,,,,,,,발목,래깅스,['저지'],"['무지', '호피']",스키니,블랙,롱,블랙,탑,['지퍼'],긴팔,['저지'],['레터링'],,오버사이즈,,화이트,화이트,,,,,,,,,,
460,191970,힙합,"하의, 상의",3,,,,,,,,,,발목,래깅스,['저지'],"['무지', '호피']",스키니,블랙,롱,블랙,탑,['지퍼'],긴팔,['저지'],,,오버사이즈,,화이트,화이트,,,,,,,,,,
461,193252,힙합,"하의, 상의",3,,,,,,,,,,니렝스,래깅스,['스판덱스'],['무지'],스키니,블랙,롱,화이트,티셔츠,,7부소매,['니트'],['레터링'],라운드넥,오버사이즈,,핑크,핑크,,,,,,,,,,
462,193253,힙합,"하의, 상의",3,,,,,,,,,,니렝스,래깅스,['스판덱스'],['무지'],스키니,블랙,롱,화이트,티셔츠,,7부소매,['니트'],['레터링'],라운드넥,오버사이즈,,핑크,핑크,,,,,,,,,,
463,193255,힙합,"하의, 상의",3,,,,,,,,,,니렝스,래깅스,['스판덱스'],['무지'],스키니,블랙,롱,화이트,티셔츠,,7부소매,['니트'],"['레터링', '그래픽']",라운드넥,오버사이즈,,핑크,핑크,,,,,,,,,,
464,193256,힙합,"하의, 상의",3,,,,,,,,,,니렝스,래깅스,['스판덱스'],['무지'],스키니,블랙,롱,화이트,티셔츠,,7부소매,['니트'],['레터링'],라운드넥,오버사이즈,,핑크,핑크,,,,,,,,,,
465,193257,힙합,"하의, 상의",3,,,,,,,,,,니렝스,래깅스,['스판덱스'],['무지'],스키니,,롱,화이트,티셔츠,,7부소매,['니트'],"['레터링', '그래픽']",라운드넥,오버사이즈,,,핑크,,,,,,,,,,
466,193258,힙합,"하의, 상의",3,,,,,,,,,,니렝스,래깅스,['스판덱스'],['무지'],스키니,블랙,롱,화이트,티셔츠,,7부소매,['니트'],['레터링'],라운드넥,오버사이즈,,핑크,핑크,,,,,,,,,,
467,193262,힙합,"하의, 상의",3,,,,,,,,,,니렝스,래깅스,['스판덱스'],['무지'],스키니,블랙,롱,블랙,티셔츠,,7부소매,['니트'],['레터링'],라운드넥,오버사이즈,,오렌지,화이트,,,,,,,,,,
468,193263,힙합,"하의, 상의",3,,,,,,,,,,니렝스,래깅스,['스판덱스'],['무지'],스키니,블랙,롱,블랙,티셔츠,,7부소매,['니트'],['레터링'],라운드넥,오버사이즈,,오렌지,화이트,,,,,,,,,,
469,193266,힙합,"하의, 상의",3,,,,,,,,,,니렝스,래깅스,['스판덱스'],['무지'],스키니,블랙,롱,블랙,티셔츠,,7부소매,['니트'],"['레터링', '그래픽']",라운드넥,오버사이즈,,오렌지,화이트,,,,,,,,,,
470,193267,힙합,"하의, 상의",3,,,,,,,,,,니렝스,래깅스,['스판덱스'],['무지'],스키니,블랙,롱,블랙,티셔츠,,7부소매,['니트'],['레터링'],라운드넥,오버사이즈,,오렌지,화이트,,,,,,,,,,
471,193268,힙합,"하의, 상의",3,,,,,,,,,,니렝스,래깅스,['스판덱스'],['무지'],스키니,블랙,롱,블랙,티셔츠,,7부소매,['니트'],"['레터링', '그래픽']",라운드넥,오버사이즈,,오렌지,화이트,,,,,,,,,,
472,205176,힙합,"하의, 상의",3,,,,,,,,,,미니,팬츠,['가죽'],['무지'],루즈,블랙,,베이지,셔츠,,7부소매,['우븐'],['호피'],,노멀,['포켓'],,블랙,,,,,,,,,,셔츠칼라
473,205177,힙합,"하의, 상의",3,,,,,,,,,,미니,팬츠,['가죽'],['무지'],루즈,블랙,,,셔츠,,,['우븐'],['호피'],,노멀,['포켓'],,,,,,,,,,,,셔츠칼라
474,205197,힙합,"하의, 상의",3,,,,,,,,,,미니,팬츠,['가죽'],['무지'],루즈,블랙,,베이지,셔츠,,7부소매,['우븐'],['호피'],,노멀,['포켓'],,블랙,,,,,,,,,,셔츠칼라
475,343314,힙합,"하의, 상의",3,,,,,,,,,,발목,조거팬츠,['우븐'],['무지'],와이드,화이트,크롭,스카이블루,티셔츠,,반팔,['우븐'],['무지'],유넥,타이트,"['포켓', '스트링']",,,,,,,,,,,,
476,343315,힙합,"하의, 상의",3,,,,,,,,,,발목,조거팬츠,['우븐'],['무지'],와이드,화이트,크롭,스카이블루,티셔츠,,반팔,['우븐'],['무지'],유넥,타이트,"['포켓', '스트링']",,,,,,,,,,,,
477,343316,힙합,"하의, 상의",3,,,,,,,,,,발목,조거팬츠,['우븐'],['무지'],와이드,화이트,크롭,스카이블루,티셔츠,,반팔,['우븐'],['무지'],유넥,타이트,"['포켓', '스트링']",,,,,,,,,,,,
478,343317,힙합,"하의, 상의",3,,,,,,,,,,발목,조거팬츠,['우븐'],['무지'],와이드,화이트,크롭,스카이블루,티셔츠,,반팔,['우븐'],['무지'],유넥,타이트,"['포켓', '스트링']",,,,,,,,,,,,
479,343319,힙합,"하의, 상의",3,,,,,,,,,,발목,조거팬츠,['우븐'],['무지'],와이드,화이트,크롭,,티셔츠,,,['우븐'],['무지'],유넥,타이트,"['포켓', '스트링']",,,,,,,,,,,,
480,343321,힙합,"하의, 상의",3,,,,,,,,,,발목,조거팬츠,['우븐'],['무지'],와이드,화이트,크롭,,티셔츠,,,['우븐'],['무지'],유넥,타이트,"['포켓', '스트링']",,,,,,,,,,,,
481,343329,힙합,"하의, 상의",3,,,,,,,,,,발목,조거팬츠,['우븐'],['무지'],와이드,화이트,크롭,,티셔츠,,,['우븐'],['무지'],유넥,타이트,"['포켓', '스트링']",,,,,,,,,,,,
482,343331,힙합,"하의, 상의",3,,,,,,,,,,발목,조거팬츠,['우븐'],['무지'],와이드,화이트,크롭,스카이블루,티셔츠,,반팔,['우븐'],['무지'],유넥,타이트,"['포켓', '스트링']",,,,,,,,,,,,
483,343332,힙합,"하의, 상의",3,,,,,,,,,,발목,조거팬츠,['우븐'],['무지'],와이드,화이트,크롭,스카이블루,티셔츠,,반팔,['우븐'],['무지'],유넥,타이트,"['포켓', '스트링']",,,,,,,,,,,,
484,371613,힙합,"아우터, 하의, 상의",10,하프,,,짚업,['드롭숄더'],,['저지'],['무지'],루즈,발목,조거팬츠,['저지'],['무지'],루즈,,,레드,,,긴팔,,,,,['포켓'],,,,,,,,,,,,
485,384393,힙합,"하의, 상의",3,,,,,,,,,,미니,팬츠,['데님'],,노멀,블랙,,화이트,티셔츠,,반팔,['니트'],['무지'],라운드넥,노멀,"['프린지', '자수']",,,,,,,,,,,,
486,387984,힙합,"하의, 상의",3,,,,,,,,,,,팬츠,,,,,노멀,블랙,탑,,민소매,['우븐'],['무지'],유넥,타이트,,,,,,,,,,,,,
487,387987,힙합,"하의, 상의",3,,,,,,,,,,맥시,팬츠,['우븐'],['믹스'],루즈,블랙,노멀,블랙,탑,,민소매,['우븐'],['무지'],유넥,타이트,,화이트,,,,,,,,,,,
488,387989,힙합,"하의, 상의",3,,,,,,,,,,,팬츠,,,,,노멀,블랙,탑,,민소매,['우븐'],['무지'],유넥,타이트,,,,,,,,,,,,,
489,387990,힙합,"하의, 상의",3,,,,,,,,,,,팬츠,,,,,노멀,블랙,탑,,민소매,['우븐'],['무지'],유넥,타이트,,,,,,,,,,,,,
490,387991,힙합,"하의, 상의",3,,,,,,,,,,,팬츠,,,,,노멀,블랙,탑,,민소매,['우븐'],['무지'],유넥,타이트,,,,,,,,,,,,,
491,387992,힙합,"하의, 상의",3,,,,,,,,,,,팬츠,,,,,노멀,블랙,탑,,민소매,['우븐'],['무지'],유넥,타이트,,,,,,,,,,,,,
492,387993,힙합,"하의, 상의",3,,,,,,,,,,,팬츠,,,,,노멀,블랙,탑,,민소매,['우븐'],['무지'],유넥,타이트,,,,,,,,,,,,,
493,389029,힙합,"하의, 상의",3,,,,,,,,,,,팬츠,,,,,롱,오렌지,티셔츠,['컷아웃'],반팔,['니트'],['레터링'],라운드넥,루즈,,,화이트,,,,,,,,,,
494,389032,힙합,"하의, 상의",3,,,,,,,,,,발목,조거팬츠,['저지'],['레터링'],노멀,블랙,,오렌지,티셔츠,['컷아웃'],반팔,['니트'],['레터링'],라운드넥,루즈,['스트링'],,화이트,,,,,,,,,,
495,389033,힙합,"하의, 상의",3,,,,,,,,,,,팬츠,,,,,롱,오렌지,티셔츠,['컷아웃'],반팔,['니트'],['레터링'],라운드넥,루즈,,,화이트,,,,,,,,,,
496,389034,힙합,"하의, 상의",3,,,,,,,,,,,팬츠,,,,,롱,오렌지,티셔츠,['컷아웃'],반팔,['니트'],['레터링'],라운드넥,루즈,,,화이트,,,,,,,,,,
497,389035,힙합,"하의, 상의",3,,,,,,,,,,,팬츠,,,,,롱,오렌지,티셔츠,['컷아웃'],반팔,['니트'],['레터링'],라운드넥,루즈,,,화이트,,,,,,,,,,
498,389036,힙합,"하의, 상의",3,,,,,,,,,,,팬츠,,['레터링'],,,,네온,티셔츠,['컷아웃'],반팔,['니트'],['레터링'],라운드넥,루즈,['스트링'],,화이트,,,,,,,,,,
499,389037,힙합,"하의, 상의",3,,,,,,,,,,발목,조거팬츠,['저지'],['레터링'],노멀,오렌지,,네온,티셔츠,['컷아웃'],반팔,['니트'],['레터링'],라운드넥,루즈,['스트링'],,화이트,,,,,,,,,,
500,389038,힙합,"하의, 상의",3,,,,,,,,,,,팬츠,,['레터링'],,,,네온,티셔츠,['컷아웃'],반팔,['니트'],['레터링'],라운드넥,루즈,['스트링'],,화이트,,,,,,,,,,
501,389039,힙합,"하의, 상의",3,,,,,,,,,,,팬츠,,['레터링'],,,,네온,티셔츠,['컷아웃'],반팔,['니트'],['레터링'],라운드넥,루즈,['스트링'],,화이트,,,,,,,,,,
502,389042,힙합,"하의, 상의",3,,,,,,,,,,,팬츠,,,,,롱,네온,티셔츠,['컷아웃'],반팔,['니트'],['무지'],라운드넥,루즈,,,,,,,,,,,,,
503,389043,힙합,"하의, 상의",3,,,,,,,,,,,팬츠,,,,,롱,오렌지,티셔츠,['컷아웃'],반팔,['니트'],['레터링'],라운드넥,루즈,,,화이트,,,,,,,,,,
504,389044,힙합,"하의, 상의",3,,,,,,,,,,,팬츠,,,,,롱,오렌지,티셔츠,['컷아웃'],반팔,['니트'],['무지'],라운드넥,루즈,,,,,,,,,,,,,
505,390998,힙합,"하의, 상의",3,,,,,,,,,,미니,팬츠,['데님'],['무지'],루즈,,노멀,오렌지,브라탑,,민소매,['저지'],['무지'],라운드넥,타이트,,,,,,,,,,,,,
506,390999,힙합,"하의, 상의",3,,,,,,,,,,미니,청바지,['데님'],['무지'],루즈,스카이블루,노멀,오렌지,브라탑,['X스트랩'],민소매,['저지'],['무지'],,타이트,['디스트로이드'],,,,,,,,,,,,
507,496323,힙합,"하의, 상의",3,,,,,,,,,,발목,청바지,['데님'],['무지'],벨보텀,스카이블루,,블랙,탑,,민소매,['우븐'],['무지'],유넥,타이트,,,,,,,,,,,,,
508,496337,힙합,"하의, 상의",3,,,,,,,,,,발목,청바지,['데님'],['무지'],벨보텀,스카이블루,,블랙,탑,,민소매,['우븐'],['무지'],유넥,타이트,,,,,,,,,,,,,
509,496407,힙합,"아우터, 상의",2,,블랙,,,,민소매,,,,,,,,,,크롭,,탑,,,['우븐'],['무지'],유넥,타이트,,,,,,,,,,,,,
510,496418,힙합,"아우터, 하의, 상의",10,노말,퍼플,옐로우,재킷,,반팔,['우븐'],['체크'],루즈,,,,,,스카이블루,크롭,블랙,탑,,민소매,['우븐'],['무지'],유넥,타이트,,,,,,,,,,,,셔츠칼라,
511,496434,힙합,"하의, 상의",3,,,,,,,,,,발목,청바지,['데님'],['무지'],스키니,스카이블루,노멀,화이트,탑,,민소매,['우븐'],['무지'],스퀘어넥,타이트,,,,,,,,,,,,,
512,496444,힙합,"아우터, 상의",2,하프,화이트,,재킷,['롤업'],긴팔,['우븐'],['무지'],루즈,,,,,,,크롭,네온,탑,['셔링'],민소매,['우븐'],['무지'],브이넥,노멀,,,,,,,,,,,,셔츠칼라,
513,496445,힙합,"아우터, 상의",2,하프,화이트,,재킷,['롤업'],긴팔,['우븐'],['무지'],루즈,,,,,,,크롭,네온,탑,['셔링'],민소매,['우븐'],['무지'],브이넥,노멀,,,,,,,,,,,,셔츠칼라,
514,496446,힙합,"아우터, 하의, 상의",10,하프,화이트,,재킷,['롤업'],긴팔,['우븐'],['무지'],루즈,발목,청바지,['데님'],['무지'],루즈,블루,크롭,네온,탑,['셔링'],민소매,['우븐'],['무지'],브이넥,노멀,['디스트로이드'],,,,,,,,,,,셔츠칼라,
515,496451,힙합,"아우터, 하의",4,하프,화이트,,재킷,['롤업'],긴팔,['우븐'],['무지'],루즈,발목,청바지,['데님'],['무지'],루즈,블루,,,,,,,,,,['디스트로이드'],,,,,,,,,,,셔츠칼라,
516,496454,힙합,"아우터, 하의, 상의",10,하프,화이트,,재킷,['롤업'],긴팔,['우븐'],['무지'],루즈,발목,청바지,['데님'],['무지'],루즈,블루,크롭,네온,탑,['셔링'],민소매,['우븐'],['무지'],브이넥,노멀,['디스트로이드'],,,,,,,,,,,셔츠칼라,
517,496459,힙합,"아우터, 하의, 상의",10,하프,화이트,,재킷,['롤업'],긴팔,['우븐'],['무지'],루즈,발목,청바지,['데님'],['무지'],루즈,블루,크롭,네온,탑,['셔링'],민소매,['우븐'],['무지'],브이넥,노멀,['디스트로이드'],,,,,,,,,,,셔츠칼라,
518,501659,힙합,"하의, 상의",3,,,,,,,,,,미니,팬츠,['데님'],['무지'],노멀,블랙,크롭,블랙,티셔츠,,긴팔,['우븐'],['무지'],라운드넥,루즈,"['단추', '포켓', '지퍼', '디스트로이드']",,,,,,,,,,,,
519,501661,힙합,"하의, 상의",3,,,,,,,,,,미니,팬츠,['데님'],['무지'],노멀,블랙,크롭,블랙,티셔츠,,긴팔,['우븐'],['무지'],라운드넥,루즈,"['단추', '포켓', '지퍼', '디스트로이드']",,,,,,,,,,,,
520,517968,힙합,"하의, 상의",3,,,,,,,,,,맥시,팬츠,['코듀로이'],['무지'],루즈,그레이,,블랙,,,긴팔,,,,,,,,,,,,,,,,,
521,517969,힙합,"하의, 상의",3,,,,,,,,,,맥시,팬츠,['코듀로이'],['무지'],루즈,그레이,,블랙,,,긴팔,,,,,,,,,,,,,,,,,
522,517970,힙합,"하의, 상의",3,,,,,,,,,,맥시,팬츠,['코듀로이'],['무지'],루즈,그레이,,블랙,,,긴팔,,,,,,,,,,,,,,,,,
523,517971,힙합,"하의, 상의",3,,,,,,,,,,맥시,팬츠,['코듀로이'],['무지'],루즈,그레이,크롭,블랙,티셔츠,,긴팔,['니트'],['무지'],,노멀,,,,,,,,,,,,,
524,517972,힙합,"하의, 상의",3,,,,,,,,,,맥시,팬츠,['코듀로이'],['무지'],루즈,그레이,크롭,블랙,티셔츠,,긴팔,['니트'],['무지'],,노멀,,,,,,,,,,,,,
525,517975,힙합,"하의, 상의",3,,,,,,,,,,발목,팬츠,['데님'],['무지'],루즈,화이트,,브라운,셔츠,"['포켓', '단추']",긴팔,['스웨이드'],['무지'],,루즈,"['포켓', '롤업']",,블랙,,,,,,,,,,셔츠칼라
526,517976,힙합,"하의, 상의",3,,,,,,,,,,발목,팬츠,['데님'],['무지'],루즈,화이트,,브라운,,,긴팔,,,,,"['포켓', '롤업']",,블랙,,,,,,,,,,
527,517977,힙합,"하의, 상의",3,,,,,,,,,,발목,팬츠,['데님'],['무지'],루즈,화이트,,브라운,셔츠,"['포켓', '단추']",긴팔,['스웨이드'],['무지'],,루즈,"['포켓', '롤업']",,블랙,,,,,,,,,,셔츠칼라
528,517978,힙합,"하의, 상의",3,,,,,,,,,,발목,팬츠,['데님'],['무지'],루즈,화이트,,브라운,,,긴팔,,,,,"['포켓', '롤업']",,블랙,,,,,,,,,,
529,517979,힙합,"하의, 상의",3,,,,,,,,,,발목,팬츠,['데님'],['무지'],루즈,화이트,,브라운,,,긴팔,,,,,"['포켓', '롤업']",,블랙,,,,,,,,,,
530,517980,힙합,"하의, 상의",3,,,,,,,,,,발목,팬츠,['데님'],['무지'],루즈,화이트,,브라운,셔츠,"['포켓', '단추']",긴팔,['스웨이드'],['무지'],,루즈,"['포켓', '롤업']",,블랙,,,,,,,,,,셔츠칼라
531,517981,힙합,"하의, 상의",3,,,,,,,,,,발목,팬츠,['데님'],['무지'],루즈,화이트,,브라운,셔츠,"['포켓', '단추']",긴팔,['스웨이드'],['무지'],,루즈,"['포켓', '롤업']",,블랙,,,,,,,,,,셔츠칼라
532,517982,힙합,"하의, 상의",3,,,,,,,,,,발목,팬츠,['데님'],['무지'],루즈,화이트,,브라운,,,긴팔,,,,,"['포켓', '롤업']",,블랙,,,,,,,,,,
533,517985,힙합,"하의, 상의",3,,,,,,,,,,발목,팬츠,['데님'],['무지'],루즈,화이트,,브라운,,,긴팔,,,,,"['포켓', '롤업']",,블랙,,,,,,,,,,
534,517986,힙합,"하의, 상의",3,,,,,,,,,,발목,팬츠,['데님'],['무지'],루즈,화이트,노멀,브라운,셔츠,,긴팔,['스웨이드'],['무지'],,루즈,"['포켓', '롤업']",,블랙,,,,,,,,,,
535,517987,힙합,"하의, 상의",3,,,,,,,,,,발목,팬츠,['데님'],['무지'],루즈,화이트,,브라운,셔츠,"['포켓', '단추']",긴팔,['스웨이드'],['무지'],,루즈,"['포켓', '롤업']",,블랙,,,,,,,,,,셔츠칼라
536,517988,힙합,"하의, 상의",3,,,,,,,,,,발목,팬츠,['데님'],['무지'],루즈,화이트,,브라운,,,긴팔,,,,,"['포켓', '롤업']",,블랙,,,,,,,,,,
537,517989,힙합,"하의, 상의",3,,,,,,,,,,발목,팬츠,['데님'],['무지'],루즈,화이트,,브라운,,,긴팔,,,,,"['포켓', '롤업']",,블랙,,,,,,,,,,
538,517990,힙합,"하의, 상의",3,,,,,,,,,,발목,팬츠,['데님'],['무지'],루즈,화이트,,브라운,,,긴팔,,,,,"['포켓', '롤업']",,블랙,,,,,,,,,,
539,517991,힙합,"하의, 상의",3,,,,,,,,,,발목,팬츠,['데님'],['무지'],루즈,화이트,,브라운,셔츠,"['포켓', '단추']",긴팔,['스웨이드'],['무지'],,루즈,"['포켓', '롤업']",,블랙,,,,,,,,,,셔츠칼라
540,517992,힙합,"하의, 상의",3,,,,,,,,,,발목,팬츠,['데님'],['무지'],루즈,화이트,,브라운,,,긴팔,,,,,"['포켓', '롤업']",,블랙,,,,,,,,,,
541,518356,힙합,"하의, 상의",3,,,,,,,,,,발목,팬츠,['우븐'],['카무플라쥬'],노멀,카키,,화이트,,,긴팔,,,,,"['롤업', '포켓']",그린,,,,,,,,,,,
542,518357,힙합,"하의, 상의",3,,,,,,,,,,발목,팬츠,['우븐'],['카무플라쥬'],노멀,카키,,화이트,,,긴팔,,,,,"['롤업', '포켓']",그린,,,,,,,,,,,
543,518358,힙합,"하의, 상의",3,,,,,,,,,,발목,팬츠,['우븐'],['카무플라쥬'],노멀,카키,노멀,화이트,티셔츠,,긴팔,['저지'],['레터링'],라운드넥,루즈,"['롤업', '포켓']",그린,,,,,,,,,,,
544,518359,힙합,"하의, 상의",3,,,,,,,,,,발목,팬츠,['우븐'],['카무플라쥬'],노멀,카키,노멀,화이트,티셔츠,,긴팔,['저지'],['레터링'],라운드넥,루즈,"['롤업', '포켓']",그린,,,,,,,,,,,
545,518360,힙합,"하의, 상의",3,,,,,,,,,,발목,팬츠,['우븐'],['카무플라쥬'],노멀,카키,노멀,화이트,티셔츠,,긴팔,['저지'],['레터링'],라운드넥,루즈,"['롤업', '포켓']",그린,,,,,,,,,,,
546,518361,힙합,"하의, 상의",3,,,,,,,,,,발목,팬츠,['우븐'],['카무플라쥬'],노멀,카키,노멀,화이트,티셔츠,,긴팔,['저지'],['레터링'],라운드넥,루즈,"['롤업', '포켓']",그린,,,,,,,,,,,
547,518362,힙합,"하의, 상의",3,,,,,,,,,,발목,팬츠,['우븐'],['카무플라쥬'],노멀,카키,,화이트,,,긴팔,,,,,"['롤업', '포켓']",그린,,,,,,,,,,,
548,518363,힙합,"하의, 상의",3,,,,,,,,,,발목,팬츠,['우븐'],['카무플라쥬'],노멀,카키,,화이트,,,긴팔,,,,,"['롤업', '포켓']",그린,,,,,,,,,,,
549,518366,힙합,"하의, 상의",3,,,,,,,,,,발목,팬츠,['우븐'],['카무플라쥬'],노멀,카키,노멀,화이트,티셔츠,,긴팔,['저지'],['레터링'],라운드넥,루즈,"['롤업', '포켓']",그린,,,,,,,,,,,
550,518367,힙합,"하의, 상의",3,,,,,,,,,,발목,팬츠,['우븐'],['카무플라쥬'],노멀,카키,,화이트,,,긴팔,,,,,"['롤업', '포켓']",그린,,,,,,,,,,,
551,518368,힙합,"하의, 상의",3,,,,,,,,,,발목,팬츠,['우븐'],['카무플라쥬'],노멀,카키,노멀,화이트,티셔츠,,긴팔,['저지'],['레터링'],라운드넥,루즈,"['롤업', '포켓']",그린,,,,,,,,,,,
552,518369,힙합,"하의, 상의",3,,,,,,,,,,발목,팬츠,['우븐'],['카무플라쥬'],노멀,카키,,화이트,,,긴팔,,,,,"['롤업', '포켓']",그린,,,,,,,,,,,
553,518370,힙합,"하의, 상의",3,,,,,,,,,,발목,팬츠,['우븐'],['카무플라쥬'],노멀,카키,,화이트,,,긴팔,,,,,"['롤업', '포켓']",그린,,,,,,,,,,,
554,518371,힙합,"하의, 상의",3,,,,,,,,,,발목,팬츠,['우븐'],['카무플라쥬'],노멀,카키,노멀,화이트,티셔츠,,긴팔,['저지'],['레터링'],라운드넥,루즈,"['롤업', '포켓']",그린,,,,,,,,,,,
555,518372,힙합,"하의, 상의",3,,,,,,,,,,발목,팬츠,['우븐'],['카무플라쥬'],노멀,카키,,화이트,,,긴팔,,,,,"['롤업', '포켓']",그린,,,,,,,,,,,
556,518373,힙합,"하의, 상의",3,,,,,,,,,,발목,팬츠,['우븐'],['카무플라쥬'],노멀,카키,,화이트,,,긴팔,,,,,"['롤업', '포켓']",그린,,,,,,,,,,,
557,528045,힙합,"아우터, 상의",2,노말,베이지,카키,베스트,,캡,['니트'],['무지'],루즈,,,,,,,롱,화이트,티셔츠,,반팔,['저지'],['무지'],라운드넥,오버사이즈,,,,,,,,,,,브이넥,,
558,528046,힙합,"아우터, 하의, 상의",10,노말,베이지,카키,베스트,,캡,['니트'],['무지'],루즈,맥시,팬츠,['우븐'],['무지'],루즈,카키,롱,화이트,티셔츠,,반팔,['저지'],['무지'],라운드넥,오버사이즈,,,,,,,,,,,브이넥,,
559,528050,힙합,"아우터, 상의",2,노말,베이지,카키,베스트,,캡,['니트'],['무지'],루즈,,,,,,,롱,화이트,티셔츠,,반팔,['저지'],['무지'],라운드넥,오버사이즈,,,,,,,,,,,브이넥,,
560,528059,힙합,"아우터, 상의",2,노말,베이지,카키,베스트,,캡,['니트'],['무지'],루즈,,,,,,,롱,화이트,티셔츠,,반팔,['저지'],['무지'],라운드넥,오버사이즈,,,,,,,,,,,브이넥,,
561,528060,힙합,"아우터, 상의",2,노말,베이지,카키,베스트,,캡,['니트'],['무지'],루즈,,,,,,,롱,화이트,티셔츠,,반팔,['저지'],['무지'],라운드넥,오버사이즈,,,,,,,,,,,브이넥,,
562,528063,힙합,"아우터, 상의",2,노말,베이지,카키,베스트,,캡,['니트'],['무지'],루즈,,,,,,,롱,화이트,티셔츠,,반팔,['저지'],['무지'],라운드넥,오버사이즈,,,,,,,,,,,브이넥,,
563,528064,힙합,"아우터, 상의",2,노말,베이지,카키,베스트,,캡,['니트'],['무지'],루즈,,,,,,,롱,화이트,티셔츠,,반팔,['저지'],['무지'],라운드넥,오버사이즈,,,,,,,,,,,브이넥,,
564,529855,힙합,"하의, 상의",3,,,,,,,,,,미니,청바지,['데님'],['무지'],루즈,블랙,크롭,블랙,탑,['비대칭'],민소매,['우븐'],['페이즐리'],,타이트,['포켓'],,화이트,,,,,,,,,,
565,529856,힙합,"하의, 상의",3,,,,,,,,,,미니,청바지,['데님'],['무지'],루즈,블랙,크롭,블랙,탑,['비대칭'],긴팔,['우븐'],['페이즐리'],,타이트,['포켓'],,화이트,,,,,,,,,,
566,529857,힙합,"하의, 상의",3,,,,,,,,,,미니,청바지,['데님'],['무지'],루즈,,크롭,블랙,탑,['비대칭'],긴팔,['우븐'],['페이즐리'],,타이트,['포켓'],,화이트,,,,,,,,,,
567,529858,힙합,"하의, 상의",3,,,,,,,,,,미니,청바지,['데님'],['무지'],루즈,블랙,크롭,블랙,탑,['비대칭'],민소매,['우븐'],['페이즐리'],,타이트,['포켓'],,화이트,,,,,,,,,,
568,529859,힙합,"하의, 상의",3,,,,,,,,,,미니,청바지,['데님'],['무지'],루즈,블랙,크롭,블랙,탑,['비대칭'],민소매,['우븐'],['페이즐리'],,타이트,['포켓'],,화이트,,,,,,,,,,
569,529862,힙합,"하의, 상의",3,,,,,,,,,,미니,청바지,['데님'],['무지'],루즈,,크롭,블랙,탑,['비대칭'],긴팔,['우븐'],['페이즐리'],,타이트,['포켓'],,화이트,,,,,,,,,,
570,529863,힙합,"하의, 상의",3,,,,,,,,,,미니,청바지,['데님'],['무지'],루즈,블랙,크롭,블랙,탑,['비대칭'],민소매,['우븐'],['페이즐리'],,타이트,['포켓'],,화이트,,,,,,,,,,
571,529865,힙합,"하의, 상의",3,,,,,,,,,,미니,청바지,['데님'],['무지'],루즈,,크롭,블랙,탑,['비대칭'],민소매,['우븐'],['페이즐리'],,타이트,['포켓'],,화이트,,,,,,,,,,
572,529866,힙합,"하의, 상의",3,,,,,,,,,,미니,청바지,['데님'],['무지'],루즈,블랙,크롭,블랙,탑,['비대칭'],민소매,['우븐'],['페이즐리'],,타이트,['포켓'],,화이트,,,,,,,,,,
573,529867,힙합,"하의, 상의",3,,,,,,,,,,미니,청바지,['데님'],['무지'],루즈,,크롭,블랙,탑,['비대칭'],민소매,['우븐'],['페이즐리'],,타이트,['포켓'],,화이트,,,,,,,,,,
574,529869,힙합,"하의, 상의",3,,,,,,,,,,미니,청바지,['데님'],['무지'],루즈,블랙,크롭,블랙,탑,['비대칭'],민소매,['우븐'],['페이즐리'],,타이트,['포켓'],,화이트,,,,,,,,,,
575,537951,힙합,"하의, 상의",3,,,,,,,,,,발목,조거팬츠,['린넨'],['무지'],루즈,화이트,,블랙,탑,,민소매,['저지'],['무지'],유넥,타이트,,,,,,,,,,,,,
576,537953,힙합,"하의, 상의",3,,,,,,,,,,발목,조거팬츠,['린넨'],['무지'],루즈,화이트,,블랙,탑,,민소매,['저지'],['무지'],유넥,타이트,,,,,,,,,,,,,
577,537954,힙합,"하의, 상의",3,,,,,,,,,,발목,조거팬츠,['린넨'],['무지'],루즈,화이트,,블랙,탑,,민소매,['저지'],['무지'],유넥,타이트,,,,,,,,,,,,,
578,537955,힙합,"하의, 상의",3,,,,,,,,,,발목,조거팬츠,['린넨'],['무지'],루즈,화이트,,블랙,탑,,민소매,['저지'],['무지'],유넥,타이트,,,,,,,,,,,,,
579,537956,힙합,"하의, 상의",3,,,,,,,,,,발목,조거팬츠,['린넨'],['무지'],루즈,화이트,,블랙,탑,,민소매,['저지'],['무지'],유넥,타이트,,,,,,,,,,,,,
580,537958,힙합,"하의, 상의",3,,,,,,,,,,발목,조거팬츠,['린넨'],['무지'],루즈,화이트,,블랙,탑,,민소매,['저지'],['무지'],유넥,타이트,,,,,,,,,,,,,
581,537961,힙합,"하의, 상의",3,,,,,,,,,,발목,조거팬츠,['린넨'],['무지'],루즈,스카이블루,,블랙,탑,,민소매,['저지'],['무지'],유넥,타이트,,,,,,,,,,,,,
582,537964,힙합,"하의, 상의",3,,,,,,,,,,발목,조거팬츠,['린넨'],['무지'],루즈,스카이블루,,블랙,탑,,민소매,['저지'],['무지'],유넥,타이트,,,,,,,,,,,,,
583,548296,힙합,"하의, 상의",3,,,,,,,,,,발목,팬츠,['데님'],['무지'],스키니,블랙,롱,핑크,티셔츠,,반팔,['저지'],['무지'],라운드넥,오버사이즈,,,,,,,,,,,,,
584,548299,힙합,"하의, 상의",3,,,,,,,,,,발목,팬츠,['데님'],['무지'],스키니,블랙,롱,핑크,티셔츠,,반팔,['저지'],['무지'],라운드넥,오버사이즈,,,,,,,,,,,,,
585,548327,힙합,"하의, 상의",3,,,,,,,,,,발목,팬츠,['데님'],['무지'],스키니,블랙,롱,핑크,티셔츠,,반팔,['저지'],['무지'],라운드넥,오버사이즈,,,,,,,,,,,,,
586,548328,힙합,"하의, 상의",3,,,,,,,,,,발목,팬츠,['데님'],['무지'],스키니,블랙,롱,핑크,티셔츠,,반팔,['저지'],['무지'],라운드넥,오버사이즈,,,,,,,,,,,,,
587,548340,힙합,"하의, 상의",3,,,,,,,,,,발목,팬츠,['데님'],['무지'],스키니,블랙,롱,핑크,티셔츠,,반팔,['저지'],['무지'],라운드넥,오버사이즈,,,,,,,,,,,,,
588,548344,힙합,"하의, 상의",3,,,,,,,,,,발목,팬츠,['데님'],['무지'],스키니,블랙,롱,핑크,티셔츠,,반팔,['저지'],['무지'],라운드넥,오버사이즈,,,,,,,,,,,,,
589,6257,힙합,"하의, 상의",3,,,,,,,,,,발목,조거팬츠,['우븐'],['무지'],루즈,블랙,노멀,화이트,티셔츠,['포켓'],반팔,['저지'],['무지'],라운드넥,루즈,['포켓'],,,,,,,,,,,,
590,6259,힙합,"하의, 상의",3,,,,,,,,,,발목,조거팬츠,['우븐'],['무지'],루즈,블랙,노멀,화이트,티셔츠,['포켓'],반팔,['저지'],['무지'],라운드넥,루즈,['포켓'],,,,,,,,,,,,
591,6260,힙합,"하의, 상의",3,,,,,,,,,,발목,조거팬츠,['우븐'],['무지'],루즈,블랙,노멀,화이트,티셔츠,['포켓'],반팔,['저지'],['무지'],라운드넥,루즈,['포켓'],,,,,,,,,,,,
592,6261,힙합,"하의, 상의",3,,,,,,,,,,발목,조거팬츠,['우븐'],['무지'],루즈,블랙,노멀,화이트,티셔츠,['포켓'],반팔,['저지'],['무지'],라운드넥,루즈,['포켓'],,,,,,,,,,,,
593,6262,힙합,"하의, 상의",3,,,,,,,,,,발목,조거팬츠,['우븐'],['무지'],루즈,블랙,노멀,화이트,티셔츠,['포켓'],반팔,['저지'],['무지'],라운드넥,루즈,['포켓'],,,,,,,,,,,,
594,6265,힙합,"하의, 상의",3,,,,,,,,,,발목,조거팬츠,['우븐'],['무지'],루즈,블랙,노멀,화이트,티셔츠,['포켓'],반팔,['저지'],['무지'],라운드넥,루즈,['포켓'],,,,,,,,,,,,
595,6266,힙합,"하의, 상의",3,,,,,,,,,,발목,조거팬츠,['우븐'],['무지'],루즈,블랙,노멀,화이트,티셔츠,,반팔,['저지'],['무지'],라운드넥,루즈,['포켓'],,,,,,,,,,,,
596,647696,힙합,"하의, 상의",3,,,,,,,,,,,청바지,['데님'],['무지'],루즈,,크롭,네온,탑,['스트링'],민소매,['저지'],['무지'],스위트하트,타이트,,,,,,,,,,,,,
597,647697,힙합,"하의, 상의",3,,,,,,,,,,,청바지,['데님'],['무지'],루즈,,크롭,네온,탑,['스트링'],민소매,['저지'],['무지'],스위트하트,타이트,,,,,,,,,,,,,
598,647698,힙합,"하의, 상의",3,,,,,,,,,,,청바지,['데님'],['무지'],루즈,,크롭,네온,탑,['스트링'],민소매,['저지'],['무지'],스위트하트,타이트,,,,,,,,,,,,,
599,647699,힙합,"하의, 상의",3,,,,,,,,,,맥시,청바지,['데님'],['무지'],루즈,스카이블루,크롭,네온,탑,['스트링'],민소매,['저지'],['무지'],스위트하트,타이트,,,,,,,,,,,,,
600,647700,힙합,"하의, 상의",3,,,,,,,,,,맥시,청바지,['데님'],['무지'],루즈,스카이블루,크롭,네온,탑,['스트링'],민소매,['저지'],['무지'],스위트하트,타이트,,,,,,,,,,,,,
601,647701,힙합,"하의, 상의",3,,,,,,,,,,맥시,청바지,['데님'],['무지'],루즈,스카이블루,크롭,네온,탑,['스트링'],민소매,['저지'],['무지'],스위트하트,타이트,,,,,,,,,,,,,
602,647709,힙합,"하의, 상의",3,,,,,,,,,,맥시,청바지,['데님'],['무지'],루즈,스카이블루,크롭,네온,탑,['스트링'],민소매,['저지'],['무지'],스위트하트,타이트,,,,,,,,,,,,,
603,649353,힙합,"아우터, 하의",4,노말,베이지,,재킷,"['스트링', '포켓']",긴팔,['데님'],['무지'],루즈,맥시,팬츠,['우븐'],['무지'],와이드,베이지,,,,,,,,,,,,,,,,,,,,,셔츠칼라,
604,649356,힙합,"아우터, 하의",4,노말,베이지,,재킷,"['스트링', '포켓']",긴팔,['데님'],['무지'],루즈,맥시,팬츠,['우븐'],['무지'],와이드,베이지,,,,,,,,,,,,,,,,,,,,,셔츠칼라,
605,649357,힙합,"아우터, 하의",4,노말,베이지,,재킷,"['스트링', '포켓']",긴팔,['데님'],['무지'],루즈,맥시,팬츠,['우븐'],['무지'],와이드,베이지,,,,,,,,,,,,,,,,,,,,,셔츠칼라,
606,649359,힙합,"아우터, 하의",4,노말,베이지,,재킷,"['스트링', '포켓']",긴팔,['데님'],['무지'],루즈,맥시,팬츠,['우븐'],['무지'],와이드,,,,,,,,,,,,,,,,,,,,,,셔츠칼라,
607,735401,힙합,"하의, 상의",3,,,,,,,,,,발목,팬츠,['저지'],['무지'],루즈,실버,롱,블랙,티셔츠,,긴팔,['저지'],"['그래픽', '스트라이프']",,오버사이즈,,,화이트,,,,,,,,,,
608,735402,힙합,"하의, 상의",3,,,,,,,,,,발목,팬츠,['저지'],['무지'],루즈,실버,롱,블랙,티셔츠,,긴팔,['저지'],"['그래픽', '스트라이프']",,오버사이즈,,,화이트,,,,,,,,,,
609,752460,힙합,"하의, 상의",3,,,,,,,,,,발목,청바지,['데님'],['무지'],스키니,블랙,롱,화이트,후드티,['드롭숄더'],긴팔,['저지'],['무지'],후드,오버사이즈,,,,,,,,,,,,,
610,752461,힙합,"하의, 상의",3,,,,,,,,,,,,,,,블랙,롱,화이트,후드티,['드롭숄더'],긴팔,['저지'],['무지'],후드,오버사이즈,,,,,,,,,,,,,
611,752462,힙합,"하의, 상의",3,,,,,,,,,,,,,,,블랙,롱,화이트,후드티,,긴팔,['저지'],['무지'],후드,오버사이즈,,,,,,,,,,,,,
612,752465,힙합,"하의, 상의",3,,,,,,,,,,발목,청바지,['데님'],['무지'],스키니,블랙,롱,화이트,후드티,['드롭숄더'],긴팔,['저지'],['무지'],후드,오버사이즈,,,,,,,,,,,,,
613,752466,힙합,"하의, 상의",3,,,,,,,,,,발목,청바지,['데님'],['무지'],스키니,블랙,롱,화이트,후드티,['드롭숄더'],긴팔,['저지'],['무지'],후드,오버사이즈,,,,,,,,,,,,,
614,752467,힙합,"하의, 상의",3,,,,,,,,,,,,,,,블랙,롱,화이트,후드티,['드롭숄더'],긴팔,['저지'],['무지'],후드,오버사이즈,,,,,,,,,,,,,
615,752468,힙합,"하의, 상의",3,,,,,,,,,,발목,청바지,['데님'],['무지'],스키니,블랙,롱,화이트,후드티,['드롭숄더'],긴팔,['저지'],['무지'],후드,오버사이즈,,,,,,,,,,,,,
616,752469,힙합,"하의, 상의",3,,,,,,,,,,발목,청바지,['데님'],['무지'],스키니,블랙,롱,화이트,후드티,['드롭숄더'],긴팔,['저지'],['무지'],후드,오버사이즈,,,,,,,,,,,,,
617,752470,힙합,"하의, 상의",3,,,,,,,,,,,,,,,블랙,롱,화이트,후드티,['드롭숄더'],긴팔,['저지'],['무지'],후드,오버사이즈,,,,,,,,,,,,,
618,752471,힙합,"하의, 상의",3,,,,,,,,,,발목,청바지,['데님'],['무지'],스키니,블랙,롱,화이트,후드티,['드롭숄더'],긴팔,['저지'],['무지'],후드,오버사이즈,,,,,,,,,,,,,
619,752477,힙합,"하의, 상의",3,,,,,,,,,,발목,청바지,['데님'],['무지'],스키니,그레이,롱,레드,후드티,['드롭숄더'],긴팔,['저지'],['무지'],후드,오버사이즈,,,옐로우,,,,,,,,,,
620,752486,힙합,"하의, 상의",3,,,,,,,,,,,,,,,그레이,롱,레드,후드티,['드롭숄더'],긴팔,['저지'],['무지'],후드,오버사이즈,,,옐로우,,,,,,,,,,
621,758323,힙합,"하의, 상의",3,,,,,,,,,,발목,조거팬츠,['우븐'],['무지'],노멀,베이지,,화이트,티셔츠,,반팔,['니트'],['레터링'],라운드넥,노멀,['포켓'],,블루,,,,,,,,,,
622,758324,힙합,"하의, 상의",3,,,,,,,,,,발목,조거팬츠,['우븐'],['무지'],노멀,베이지,,화이트,티셔츠,,반팔,['니트'],['레터링'],라운드넥,노멀,['포켓'],,블루,,,,,,,,,,
623,758325,힙합,"하의, 상의",3,,,,,,,,,,발목,조거팬츠,['우븐'],['무지'],노멀,베이지,,화이트,티셔츠,,반팔,['니트'],['레터링'],라운드넥,노멀,['포켓'],,블루,,,,,,,,,,
624,758326,힙합,"하의, 상의",3,,,,,,,,,,발목,조거팬츠,['우븐'],['무지'],노멀,베이지,,화이트,티셔츠,,반팔,['니트'],['레터링'],라운드넥,노멀,['포켓'],,블루,,,,,,,,,,
625,758329,힙합,"하의, 상의",3,,,,,,,,,,발목,조거팬츠,['우븐'],['무지'],노멀,베이지,,화이트,티셔츠,,반팔,['니트'],['레터링'],라운드넥,노멀,,,블루,,,,,,,,,,
626,758330,힙합,"하의, 상의",3,,,,,,,,,,발목,조거팬츠,['우븐'],['무지'],노멀,베이지,,화이트,티셔츠,,반팔,['니트'],['레터링'],라운드넥,노멀,,,블루,,,,,,,,,,
627,758331,힙합,"하의, 상의",3,,,,,,,,,,발목,조거팬츠,['우븐'],['무지'],노멀,카키,,화이트,티셔츠,,반팔,['니트'],['레터링'],라운드넥,노멀,,,블루,,,,,,,,,,
628,758332,힙합,"하의, 상의",3,,,,,,,,,,발목,조거팬츠,['우븐'],['무지'],노멀,베이지,,화이트,티셔츠,,반팔,['니트'],['레터링'],라운드넥,노멀,,,블루,,,,,,,,,,
629,758333,힙합,"하의, 상의",3,,,,,,,,,,발목,조거팬츠,['우븐'],['무지'],노멀,베이지,,화이트,티셔츠,,반팔,['니트'],['레터링'],라운드넥,노멀,,,블루,,,,,,,,,,
630,758334,힙합,"하의, 상의",3,,,,,,,,,,발목,조거팬츠,['우븐'],['무지'],노멀,베이지,,화이트,티셔츠,,반팔,['니트'],['레터링'],라운드넥,노멀,,,블루,,,,,,,,,,
631,758335,힙합,"하의, 상의",3,,,,,,,,,,발목,조거팬츠,['우븐'],['무지'],노멀,베이지,,화이트,티셔츠,,반팔,['니트'],['레터링'],라운드넥,노멀,,,블루,,,,,,,,,,
632,758336,힙합,"하의, 상의",3,,,,,,,,,,발목,조거팬츠,['우븐'],['무지'],노멀,베이지,,화이트,,,반팔,,,,,['포켓'],,블루,,,,,,,,,,
633,758339,힙합,"하의, 상의",3,,,,,,,,,,발목,조거팬츠,['우븐'],['무지'],노멀,카키,,화이트,,,반팔,,,,,['포켓'],,,,,,,,,,,,
634,758340,힙합,"하의, 상의",3,,,,,,,,,,발목,조거팬츠,['우븐'],['무지'],노멀,카키,,화이트,티셔츠,,반팔,['니트'],['레터링'],라운드넥,노멀,['포켓'],,,,,,,,,,,,
635,758341,힙합,"하의, 상의",3,,,,,,,,,,발목,조거팬츠,['우븐'],['무지'],노멀,카키,,화이트,티셔츠,,반팔,['니트'],['레터링'],라운드넥,노멀,['포켓'],,,,,,,,,,,,
636,758342,힙합,"하의, 상의",3,,,,,,,,,,발목,조거팬츠,['우븐'],['무지'],노멀,카키,,화이트,티셔츠,,반팔,['니트'],['레터링'],라운드넥,노멀,['포켓'],,,,,,,,,,,,
637,758343,힙합,"하의, 상의",3,,,,,,,,,,발목,조거팬츠,['우븐'],['무지'],노멀,카키,,화이트,티셔츠,,반팔,['니트'],['레터링'],라운드넥,노멀,['포켓'],,,,,,,,,,,,
638,758344,힙합,"하의, 상의",3,,,,,,,,,,발목,조거팬츠,['우븐'],['무지'],노멀,카키,,화이트,,,반팔,,,,,['포켓'],,,,,,,,,,,,
639,758345,힙합,"하의, 상의",3,,,,,,,,,,발목,조거팬츠,['우븐'],['무지'],노멀,카키,,화이트,,,반팔,,,,,['포켓'],,,,,,,,,,,,
640,758346,힙합,"하의, 상의",3,,,,,,,,,,발목,조거팬츠,['우븐'],['무지'],노멀,카키,,화이트,티셔츠,,반팔,['니트'],['레터링'],라운드넥,노멀,['포켓'],,,,,,,,,,,,
641,758350,힙합,"하의, 상의",3,,,,,,,,,,발목,조거팬츠,['우븐'],['무지'],노멀,카키,,화이트,,,반팔,,,,,['포켓'],,,,,,,,,,,,
642,758351,힙합,"하의, 상의",3,,,,,,,,,,발목,조거팬츠,['우븐'],['무지'],노멀,카키,,화이트,,,반팔,,,,,['포켓'],,,,,,,,,,,,
643,758352,힙합,"하의, 상의",3,,,,,,,,,,발목,조거팬츠,['우븐'],['무지'],노멀,카키,,화이트,티셔츠,,반팔,['니트'],['레터링'],라운드넥,노멀,['포켓'],,,,,,,,,,,,
644,758353,힙합,"하의, 상의",3,,,,,,,,,,발목,조거팬츠,['우븐'],['무지'],노멀,카키,,화이트,티셔츠,,반팔,['니트'],['레터링'],라운드넥,노멀,['포켓'],,,,,,,,,,,,
645,758354,힙합,"하의, 상의",3,,,,,,,,,,발목,조거팬츠,['우븐'],['무지'],노멀,카키,,화이트,티셔츠,,반팔,['니트'],['레터링'],라운드넥,노멀,['포켓'],,,,,,,,,,,,
646,758355,힙합,"하의, 상의",3,,,,,,,,,,발목,조거팬츠,['우븐'],['무지'],노멀,카키,,화이트,티셔츠,,반팔,['니트'],['레터링'],라운드넥,노멀,,,,,,,,,,,,,
647,758362,힙합,"하의, 상의",3,,,,,,,,,,발목,조거팬츠,['우븐'],['무지'],노멀,카키,,화이트,티셔츠,,반팔,['니트'],['레터링'],라운드넥,노멀,['포켓'],,블루,,,,,,,,,,
648,758363,힙합,"하의, 상의",3,,,,,,,,,,발목,조거팬츠,['우븐'],['무지'],노멀,카키,,화이트,티셔츠,,반팔,['니트'],['레터링'],라운드넥,노멀,['포켓'],,블루,,,,,,,,,,
649,800879,힙합,"하의, 상의",3,,,,,,,,,,발목,팬츠,['스판덱스'],,스키니,블랙,크롭,화이트,후드티,['드롭숄더'],긴팔,,,,루즈,,,블랙,,,,,,,,,,
650,800880,힙합,"하의, 상의",3,,,,,,,,,,발목,팬츠,['스판덱스'],,스키니,블랙,크롭,화이트,후드티,['드롭숄더'],긴팔,,,,루즈,,,블랙,,,,,,,,,,
651,800881,힙합,"하의, 상의",3,,,,,,,,,,발목,팬츠,['스판덱스'],,스키니,블랙,크롭,화이트,후드티,['드롭숄더'],긴팔,,,,루즈,,,블랙,,,,,,,,,,
652,800882,힙합,"하의, 상의",3,,,,,,,,,,발목,팬츠,['스판덱스'],,스키니,블랙,크롭,화이트,후드티,['드롭숄더'],긴팔,,,,루즈,,,블랙,,,,,,,,,,
653,800883,힙합,"하의, 상의",3,,,,,,,,,,발목,팬츠,['스판덱스'],,스키니,블랙,크롭,화이트,후드티,['드롭숄더'],긴팔,,,,루즈,,,,,,,,,,,,,
654,800884,힙합,"하의, 상의",3,,,,,,,,,,발목,팬츠,['스판덱스'],,스키니,블랙,크롭,화이트,후드티,['드롭숄더'],긴팔,,,,루즈,,,,,,,,,,,,,
655,800885,힙합,"하의, 상의",3,,,,,,,,,,발목,팬츠,['스판덱스'],,스키니,블랙,크롭,화이트,후드티,['드롭숄더'],긴팔,,,,루즈,,,,,,,,,,,,,
656,800886,힙합,"하의, 상의",3,,,,,,,,,,발목,팬츠,['스판덱스'],,스키니,블랙,크롭,화이트,후드티,['드롭숄더'],긴팔,,,,루즈,,,,,,,,,,,,,
657,800889,힙합,"하의, 상의",3,,,,,,,,,,발목,팬츠,['스판덱스'],,스키니,블랙,크롭,화이트,후드티,['드롭숄더'],긴팔,,,,루즈,,,,,,,,,,,,,
658,800890,힙합,"하의, 상의",3,,,,,,,,,,발목,팬츠,['스판덱스'],,스키니,블랙,크롭,화이트,후드티,['드롭숄더'],긴팔,,,,루즈,,,,,,,,,,,,,
659,800891,힙합,"하의, 상의",3,,,,,,,,,,발목,팬츠,['스판덱스'],,스키니,블랙,크롭,화이트,후드티,['드롭숄더'],긴팔,,,,루즈,,,,,,,,,,,,,
660,811161,힙합,"하의, 상의",3,,,,,,,,,,맥시,팬츠,['우븐'],['무지'],루즈,베이지,롱,카키,티셔츠,,긴팔,['저지'],['레터링'],라운드넥,루즈,"['지퍼', '포켓']",,골드,,,,,,,,,,
661,811162,힙합,"하의, 상의",3,,,,,,,,,,맥시,팬츠,['우븐'],['무지'],루즈,베이지,롱,카키,티셔츠,,긴팔,['저지'],['레터링'],라운드넥,루즈,"['지퍼', '포켓']",,골드,,,,,,,,,,
662,811165,힙합,"하의, 상의",3,,,,,,,,,,,,,,,베이지,롱,카키,티셔츠,,긴팔,['저지'],['레터링'],라운드넥,루즈,,,골드,,,,,,,,,,
663,811168,힙합,"하의, 상의",3,,,,,,,,,,맥시,팬츠,['우븐'],['무지'],루즈,베이지,롱,카키,티셔츠,,긴팔,['저지'],['레터링'],라운드넥,루즈,"['지퍼', '포켓']",,골드,,,,,,,,,,
664,811169,힙합,"하의, 상의",3,,,,,,,,,,맥시,팬츠,['우븐'],['무지'],루즈,베이지,롱,카키,티셔츠,,긴팔,['저지'],['레터링'],라운드넥,루즈,"['지퍼', '포켓']",,골드,,,,,,,,,,
665,811170,힙합,"하의, 상의",3,,,,,,,,,,맥시,팬츠,['우븐'],['무지'],루즈,베이지,롱,카키,티셔츠,,긴팔,['저지'],['레터링'],라운드넥,루즈,"['지퍼', '포켓']",,골드,,,,,,,,,,
666,811171,힙합,"하의, 상의",3,,,,,,,,,,맥시,팬츠,['우븐'],['무지'],루즈,베이지,롱,카키,티셔츠,,긴팔,['저지'],['레터링'],라운드넥,루즈,"['지퍼', '포켓']",,골드,,,,,,,,,,
667,811172,힙합,"하의, 상의",3,,,,,,,,,,맥시,팬츠,['우븐'],['무지'],루즈,베이지,롱,브라운,티셔츠,,긴팔,['저지'],,,루즈,,,,,,,,,,,,,
668,811175,힙합,"하의, 상의",3,,,,,,,,,,맥시,팬츠,['우븐'],['무지'],루즈,베이지,롱,카키,티셔츠,,긴팔,['저지'],['레터링'],라운드넥,루즈,"['지퍼', '포켓']",,골드,,,,,,,,,,
669,815438,힙합,"하의, 상의",3,,,,,,,,,,미디,팬츠,['저지'],['무지'],와이드,블랙,노멀,블랙,티셔츠,['슬릿'],긴팔,['저지'],['무지'],라운드넥,루즈,,,,,,,,,,,,,
670,815657,힙합,"하의, 상의",3,,,,,,,,,,발목,팬츠,['저지'],['무지'],와이드,블랙,,화이트,티셔츠,['드롭숄더'],반팔,['메시'],['레터링'],라운드넥,루즈,,,레드,,,,,,,,,,
671,815658,힙합,"하의, 상의",3,,,,,,,,,,발목,팬츠,['저지'],['무지'],와이드,블랙,,화이트,티셔츠,['드롭숄더'],반팔,['메시'],['레터링'],라운드넥,루즈,,,레드,,,,,,,,,,
672,815661,힙합,"하의, 상의",3,,,,,,,,,,발목,팬츠,['저지'],['무지'],와이드,블랙,,화이트,티셔츠,['드롭숄더'],반팔,['메시'],['레터링'],라운드넥,루즈,,,레드,,,,,,,,,,
673,815662,힙합,"하의, 상의",3,,,,,,,,,,발목,팬츠,['저지'],['무지'],와이드,블랙,,화이트,티셔츠,['드롭숄더'],반팔,['메시'],['레터링'],라운드넥,루즈,,레드,레드,,,,,,,,,,
674,815663,힙합,"하의, 상의",3,,,,,,,,,,발목,팬츠,['저지'],['무지'],와이드,블랙,,화이트,티셔츠,['드롭숄더'],반팔,['메시'],['레터링'],라운드넥,루즈,,레드,레드,,,,,,,,,,
675,815664,힙합,"하의, 상의",3,,,,,,,,,,발목,팬츠,['저지'],['무지'],와이드,블랙,,화이트,티셔츠,['드롭숄더'],반팔,['메시'],['레터링'],라운드넥,루즈,,레드,레드,,,,,,,,,,
676,815665,힙합,"하의, 상의",3,,,,,,,,,,발목,팬츠,['저지'],['무지'],와이드,블랙,,화이트,티셔츠,['드롭숄더'],반팔,['메시'],['레터링'],라운드넥,루즈,,레드,레드,,,,,,,,,,
677,815666,힙합,"하의, 상의",3,,,,,,,,,,발목,팬츠,['저지'],['무지'],와이드,블랙,,화이트,티셔츠,['드롭숄더'],반팔,['메시'],['레터링'],라운드넥,루즈,,레드,레드,,,,,,,,,,
678,815667,힙합,"하의, 상의",3,,,,,,,,,,발목,팬츠,['저지'],['무지'],와이드,블랙,,화이트,티셔츠,['드롭숄더'],반팔,['메시'],['레터링'],라운드넥,루즈,,레드,레드,,,,,,,,,,
679,817434,힙합,"하의, 상의",3,,,,,,,,,,발목,팬츠,"['스판덱스', '저지']",,스키니,블랙,노멀,옐로우,탑,,긴팔,['저지'],['레터링'],라운드넥,루즈,,,블랙,,,,,,,,,,
680,817435,힙합,"하의, 상의",3,,,,,,,,,,발목,팬츠,"['스판덱스', '저지']",,스키니,블랙,노멀,옐로우,탑,,긴팔,['저지'],['레터링'],라운드넥,루즈,,,블랙,,,,,,,,,,
681,817436,힙합,"하의, 상의",3,,,,,,,,,,발목,팬츠,"['스판덱스', '저지']",,스키니,블랙,노멀,옐로우,탑,,긴팔,['저지'],['레터링'],라운드넥,루즈,,,블랙,,,,,,,,,,
682,817438,힙합,"하의, 상의",3,,,,,,,,,,발목,팬츠,"['스판덱스', '저지']",,스키니,블랙,노멀,옐로우,탑,,긴팔,['저지'],['레터링'],라운드넥,루즈,,,블랙,,,,,,,,,,
683,817449,힙합,"하의, 상의",3,,,,,,,,,,미니,청바지,['데님'],,노멀,블루,노멀,그린,탑,['자수'],긴팔,['저지'],['레터링'],라운드넥,루즈,,,,,,,,,,,,,
684,817452,힙합,"하의, 상의",3,,,,,,,,,,미니,청바지,['데님'],,노멀,블루,노멀,그린,탑,['자수'],긴팔,['저지'],['레터링'],라운드넥,루즈,,,,,,,,,,,,,
685,817453,힙합,"하의, 상의",3,,,,,,,,,,미니,청바지,['데님'],,노멀,블루,노멀,그린,탑,['자수'],긴팔,['저지'],['레터링'],라운드넥,루즈,,,,,,,,,,,,,
686,817454,힙합,"하의, 상의",3,,,,,,,,,,미니,청바지,['데님'],,노멀,블루,노멀,그린,탑,['자수'],긴팔,['저지'],['레터링'],라운드넥,루즈,,,,,,,,,,,,,
687,817455,힙합,"하의, 상의",3,,,,,,,,,,미니,청바지,['데님'],,노멀,블루,노멀,그린,탑,['자수'],긴팔,['저지'],['레터링'],라운드넥,루즈,,,,,,,,,,,,,
688,817456,힙합,"하의, 상의",3,,,,,,,,,,미니,청바지,['데님'],,노멀,블루,노멀,그린,탑,['자수'],긴팔,['저지'],['레터링'],라운드넥,루즈,,,,,,,,,,,,,
689,817457,힙합,"하의, 상의",3,,,,,,,,,,미니,청바지,['데님'],,노멀,블루,노멀,그린,탑,['자수'],긴팔,['저지'],['레터링'],라운드넥,루즈,,,,,,,,,,,,,
690,817458,힙합,"하의, 상의",3,,,,,,,,,,미니,청바지,['데님'],,노멀,블루,노멀,그린,탑,['자수'],긴팔,['저지'],['레터링'],라운드넥,루즈,,,,,,,,,,,,,
691,817459,힙합,"하의, 상의",3,,,,,,,,,,미니,청바지,['데님'],,노멀,블루,노멀,그린,탑,['자수'],긴팔,['저지'],['레터링'],라운드넥,루즈,,,,,,,,,,,,,
692,817501,힙합,"아우터, 하의, 상의",10,하프,카키,,재킷,"['단추', '포켓']",긴팔,['우븐'],['무지'],루즈,미디,스커트,,['플로럴'],루즈,블랙,노멀,화이트,탑,,반팔,,,,,,카키,,,,,,,,,,셔츠칼라,
693,817514,힙합,"하의, 상의",3,,,,,,,,,,니렝스,스커트,['데님'],,노멀,블루,노멀,레드,탑,"['버클', '띠', '러플']",반팔,['저지'],['무지'],보트넥,루즈,['슬릿'],,,,,,,,,,,,
694,817515,힙합,"하의, 상의",3,,,,,,,,,,니렝스,스커트,['데님'],,노멀,블루,노멀,레드,탑,"['버클', '띠', '러플']",반팔,['저지'],['무지'],보트넥,루즈,['슬릿'],,,,,,,,,,,,
695,817518,힙합,"하의, 상의",3,,,,,,,,,,,,,,,블루,노멀,레드,탑,"['버클', '띠', '러플']",반팔,['저지'],['무지'],보트넥,루즈,,,,,,,,,,,,,
696,817519,힙합,"하의, 상의",3,,,,,,,,,,니렝스,스커트,['데님'],,노멀,블루,,레드,,,반팔,,,,,['컷아웃'],,,,,,,,,,,,
697,817520,힙합,"하의, 상의",3,,,,,,,,,,니렝스,스커트,['데님'],,노멀,블루,노멀,레드,탑,"['버클', '띠', '러플']",반팔,['저지'],['무지'],보트넥,루즈,['슬릿'],,,,,,,,,,,,
698,817521,힙합,"하의, 상의",3,,,,,,,,,,니렝스,스커트,['데님'],,노멀,블루,노멀,레드,탑,"['버클', '띠', '러플']",반팔,['저지'],['무지'],보트넥,루즈,['슬릿'],,,,,,,,,,,,
699,817522,힙합,"하의, 상의",3,,,,,,,,,,니렝스,스커트,['데님'],,노멀,블루,노멀,레드,탑,"['버클', '띠', '러플']",반팔,['저지'],['무지'],보트넥,루즈,['슬릿'],,,,,,,,,,,,
700,817523,힙합,"하의, 상의",3,,,,,,,,,,니렝스,스커트,['데님'],,노멀,블루,노멀,레드,탑,"['버클', '띠', '러플']",반팔,['저지'],['무지'],보트넥,루즈,['슬릿'],,,,,,,,,,,,
701,817524,힙합,"하의, 상의",3,,,,,,,,,,니렝스,스커트,['데님'],,노멀,블루,노멀,레드,탑,"['버클', '띠', '러플']",반팔,['저지'],['무지'],보트넥,루즈,['슬릿'],,,,,,,,,,,,
702,817525,힙합,"하의, 상의",3,,,,,,,,,,니렝스,스커트,['데님'],,노멀,블루,노멀,레드,탑,"['버클', '띠', '러플']",반팔,['저지'],['무지'],보트넥,루즈,['슬릿'],,,,,,,,,,,,
703,817529,힙합,"하의, 상의",3,,,,,,,,,,발목,팬츠,['데님'],,노멀,스카이블루,롱,화이트,탑,,7부소매,['저지'],"['그래픽', '레터링']",라운드넥,루즈,['컷아웃'],,,,,,,,,,,,
704,817530,힙합,"하의, 상의",3,,,,,,,,,,니렝스,스커트,['데님'],,스키니,스카이블루,,화이트,,,7부소매,,,,,['슬릿'],,,,,,,,,,,,
705,817531,힙합,"하의, 상의",3,,,,,,,,,,,,,,,스카이블루,노멀,화이트,탑,,7부소매,['저지'],"['그래픽', '레터링']",라운드넥,루즈,,,,,,,,,,,,,
706,817532,힙합,"하의, 상의",3,,,,,,,,,,,,,,,스카이블루,노멀,화이트,탑,"['버클', '띠', '러플']",7부소매,['저지'],['무지'],보트넥,루즈,,,,,,,,,,,,,
707,817534,힙합,"하의, 상의",3,,,,,,,,,,니렝스,팬츠,['데님'],,노멀,스카이블루,노멀,화이트,탑,"['버클', '띠', '러플']",7부소매,['저지'],['무지'],보트넥,루즈,,,,,,,,,,,,,
708,817535,힙합,"하의, 상의",3,,,,,,,,,,발목,청바지,['데님'],,노멀,스카이블루,롱,화이트,탑,,7부소매,['저지'],"['그래픽', '레터링']",라운드넥,루즈,['컷아웃'],,,,,,,,,,,,
709,817536,힙합,"하의, 상의",3,,,,,,,,,,니렝스,팬츠,['데님'],,노멀,스카이블루,노멀,화이트,탑,"['버클', '띠', '러플']",7부소매,['저지'],['무지'],보트넥,루즈,,,,,,,,,,,,,
710,817540,힙합,"하의, 상의",3,,,,,,,,,,,,,,,스카이블루,롱,화이트,탑,,7부소매,['저지'],"['레터링', '그래픽']",라운드넥,루즈,,,,,,,,,,,,,
711,818215,힙합,"하의, 상의",3,,,,,,,,,,발목,팬츠,['데님'],,벨보텀,,노멀,블랙,티셔츠,,반팔,['우븐'],['무지'],라운드넥,오버사이즈,,,베이지,,,,,,,,,,
712,818218,힙합,"하의, 상의",3,,,,,,,,,,발목,팬츠,['데님'],,벨보텀,네이비,노멀,블랙,티셔츠,,반팔,['우븐'],['그래픽'],라운드넥,오버사이즈,,,베이지,,,,,,,,,,
713,818220,힙합,"하의, 상의",3,,,,,,,,,,발목,팬츠,['데님'],,벨보텀,네이비,노멀,블랙,티셔츠,,반팔,['우븐'],['그래픽'],라운드넥,오버사이즈,,,베이지,,,,,,,,,,
714,818224,힙합,"하의, 상의",3,,,,,,,,,,발목,팬츠,['데님'],,벨보텀,네이비,노멀,블랙,티셔츠,,반팔,['우븐'],['그래픽'],라운드넥,오버사이즈,,,베이지,,,,,,,,,,
715,818231,힙합,"하의, 상의",3,,,,,,,,,,발목,팬츠,['데님'],,벨보텀,네이비,노멀,블랙,티셔츠,,반팔,['우븐'],['그래픽'],라운드넥,오버사이즈,,,화이트,,,,,,,,,,
716,818232,힙합,"하의, 상의",3,,,,,,,,,,발목,팬츠,['데님'],,벨보텀,네이비,노멀,블랙,티셔츠,,반팔,['우븐'],['무지'],라운드넥,오버사이즈,,,,,,,,,,,,,
717,818235,힙합,"하의, 상의",3,,,,,,,,,,발목,팬츠,['데님'],,벨보텀,네이비,노멀,블랙,티셔츠,,반팔,['우븐'],['그래픽'],라운드넥,오버사이즈,,,화이트,,,,,,,,,,
718,846696,힙합,"아우터, 하의",4,노말,블랙,,짚업,"['버클', '포켓']",긴팔,"['플리스', '스웨이드', '가죽']",['무지'],루즈,미니,스커트,['가죽'],['무지'],스키니,블랙,,,,,,,,,,,,,,,,,,,,,셔츠칼라,
719,846697,힙합,"아우터, 하의",4,노말,베이지,블랙,짚업,"['버클', '포켓']",긴팔,"['플리스', '스웨이드', '가죽']",['무지'],루즈,미니,스커트,['가죽'],['무지'],스키니,블랙,,,,,,,,,,,,,,,,,,,,,셔츠칼라,
720,846701,힙합,"아우터, 하의",4,노말,베이지,블랙,짚업,"['버클', '포켓']",긴팔,"['플리스', '스웨이드', '가죽']",['무지'],루즈,미니,스커트,['가죽'],['무지'],스키니,블랙,,,,,,,,,,,,,,,,,,,,,셔츠칼라,
721,851944,힙합,"아우터, 하의, 원피스",8,하프,블랙,,재킷,['포켓'],긴팔,['가죽'],['무지'],,맥시,청바지,['데님'],['무지'],와이드,스카이블루,,,,,,,,,,"['포켓', '단추', '디스트로이드']",,,,,,,,,노멀,,,
722,856081,힙합,"아우터, 상의",2,,블랙,,,,긴팔,,,,,,,,,,노멀,,탑,"['버클', '띠', '러플']",,['저지'],['무지'],보트넥,루즈,,,,,,,,,,,,,
723,856084,힙합,"아우터, 상의",2,,블랙,,,,긴팔,,,,,,,,,,노멀,,탑,"['버클', '띠', '러플']",,['저지'],['무지'],보트넥,루즈,,,,,,,,,,,,,
724,856085,힙합,"아우터, 상의",2,,블랙,,,,긴팔,,,,,,,,,,노멀,,탑,"['버클', '띠', '러플']",,['저지'],['무지'],보트넥,루즈,,,,,,,,,,,,,
725,856086,힙합,"아우터, 상의",2,,블랙,,,,긴팔,,,,,,,,,,노멀,,탑,"['버클', '띠', '러플']",,['저지'],['무지'],보트넥,루즈,,,,,,,,,,,,,
726,856087,힙합,"아우터, 상의",2,,블랙,,,,긴팔,,,,,,,,,,노멀,,탑,"['버클', '띠', '러플']",,['저지'],['무지'],보트넥,루즈,,,,,,,,,,,,,
727,856088,힙합,"아우터, 상의",2,,블랙,,,,7부소매,,,,,,,,,,노멀,,탑,"['버클', '띠', '러플']",,['저지'],['무지'],보트넥,루즈,,,,,,,,,,,,,
728,856094,힙합,"아우터, 하의, 상의",10,,블랙,,,,긴팔,,,,,,,,,스카이블루,노멀,,탑,"['버클', '띠', '러플']",,['저지'],['무지'],보트넥,루즈,,,,,,,,,,,,,
729,856095,힙합,"아우터, 하의, 상의",10,,블랙,,,,7부소매,,,,,,,,,스카이블루,노멀,,탑,"['버클', '띠', '러플']",,['저지'],['무지'],보트넥,루즈,,,,,,,,,,,,,
730,856096,힙합,"아우터, 하의, 상의",10,,블랙,,,,7부소매,,,,,,,,,스카이블루,노멀,,탑,"['버클', '띠', '러플']",,['저지'],['무지'],보트넥,루즈,,,,,,,,,,,,,
731,856097,힙합,"아우터, 하의, 상의",10,,블랙,,,,긴팔,,,,,,,,,스카이블루,노멀,,탑,"['버클', '띠', '러플']",,['저지'],['무지'],보트넥,루즈,,,,,,,,,,,,,
732,856099,힙합,"아우터, 하의",4,하프,블랙,,재킷,,긴팔,['우븐'],,루즈,발목,청바지,,,노멀,스카이블루,,,,,,,,,,['컷아웃'],,,,,,,,,,,테일러드칼라,
733,856118,힙합,"하의, 상의",3,,,,,,,,,,,,,,,블랙,노멀,화이트,탑,"['버클', '띠', '러플']",반팔,['저지'],['무지'],보트넥,루즈,,,블랙,,,,,,,,,,
734,856119,힙합,"하의, 상의",3,,,,,,,,,,,,,,,블랙,노멀,화이트,탑,"['버클', '띠', '러플']",반팔,['저지'],['무지'],보트넥,루즈,,,블랙,,,,,,,,,,
735,856120,힙합,"하의, 상의",3,,,,,,,,,,,,,,,블랙,노멀,화이트,탑,"['버클', '띠', '러플']",반팔,['저지'],['무지'],보트넥,루즈,,,블랙,,,,,,,,,,
736,856121,힙합,"하의, 상의",3,,,,,,,,,,,,,,,블랙,노멀,화이트,탑,"['버클', '띠', '러플']",반팔,['저지'],['무지'],보트넥,루즈,,,블랙,,,,,,,,,,
737,856769,힙합,"하의, 상의",3,,,,,,,,,,발목,조거팬츠,['우븐'],['무지'],노멀,블랙,크롭,네온,티셔츠,,반팔,['우븐'],['무지'],라운드넥,노멀,,,,,,,,,,,,,
738,856770,힙합,"하의, 상의",3,,,,,,,,,,발목,조거팬츠,['우븐'],['무지'],노멀,블랙,크롭,네온,티셔츠,,반팔,['우븐'],['무지'],라운드넥,노멀,,,,,,,,,,,,,
739,856773,힙합,"하의, 상의",3,,,,,,,,,,발목,조거팬츠,['우븐'],['무지'],노멀,블랙,크롭,네온,티셔츠,,반팔,['우븐'],['무지'],라운드넥,노멀,,,,,,,,,,,,,
740,856774,힙합,"하의, 상의",3,,,,,,,,,,발목,조거팬츠,['우븐'],['무지'],노멀,블랙,크롭,네온,티셔츠,,반팔,['우븐'],['무지'],라운드넥,노멀,,,,,,,,,,,,,
741,885364,힙합,"아우터, 하의, 상의",10,하프,오렌지,,짚업,,긴팔,['플리스'],['무지'],루즈,발목,청바지,['데님'],['무지'],루즈,블루,크롭,화이트,탑,,민소매,,['스트라이프'],터틀넥,타이트,,,레드,,,,,,,,후드,,
742,885365,힙합,"아우터, 하의, 상의",10,하프,오렌지,,짚업,,긴팔,['플리스'],['무지'],루즈,발목,청바지,['데님'],['무지'],루즈,,크롭,화이트,탑,,민소매,['우븐'],['스트라이프'],,타이트,,,레드,,,,,,,,후드,,
743,885366,힙합,"아우터, 하의, 상의",10,하프,오렌지,,짚업,,긴팔,['플리스'],['무지'],루즈,발목,청바지,['데님'],['무지'],루즈,블루,크롭,화이트,탑,,민소매,['우븐'],['스트라이프'],,타이트,,,레드,,,,,,,,후드,,
744,885368,힙합,"아우터, 하의, 상의",10,하프,오렌지,,짚업,,긴팔,['플리스'],['무지'],루즈,발목,청바지,['데님'],['무지'],루즈,블루,크롭,화이트,탑,,민소매,['우븐'],['스트라이프'],,타이트,,,레드,,,,,,,,후드,,
745,885375,힙합,"아우터, 하의, 상의",10,하프,오렌지,,짚업,,긴팔,['플리스'],['무지'],루즈,발목,청바지,['데님'],['무지'],루즈,블루,크롭,화이트,탑,,민소매,['우븐'],['스트라이프'],,타이트,,,레드,,,,,,,,후드,,
746,885376,힙합,"아우터, 하의, 상의",10,하프,오렌지,,짚업,,긴팔,['플리스'],['무지'],루즈,발목,청바지,['데님'],['무지'],루즈,블루,크롭,화이트,탑,,민소매,['우븐'],['스트라이프'],,타이트,,,레드,,,,,,,,후드,,
747,885377,힙합,"아우터, 하의, 상의",10,하프,오렌지,,짚업,,긴팔,['플리스'],['무지'],루즈,발목,청바지,['데님'],['무지'],루즈,블루,크롭,화이트,탑,,민소매,['우븐'],['스트라이프'],,타이트,,,레드,,,,,,,,후드,,
748,885378,힙합,"아우터, 하의, 상의",10,하프,오렌지,,짚업,,긴팔,['플리스'],['무지'],루즈,발목,청바지,['데님'],['무지'],루즈,블루,크롭,화이트,탑,,민소매,,['스트라이프'],터틀넥,타이트,,,레드,,,,,,,,후드,,
749,918030,힙합,"하의, 상의",3,,,,,,,,,,니렝스,조거팬츠,"['스판덱스', '우븐']",['그래픽'],루즈,네이비,노멀,화이트,티셔츠,,긴팔,['우븐'],['무지'],라운드넥,루즈,,블루,,,,,,,,,,,
750,918046,힙합,"하의, 상의",3,,,,,,,,,,니렝스,조거팬츠,"['스판덱스', '우븐']",['그래픽'],루즈,네이비,노멀,화이트,티셔츠,,캡,['우븐'],['무지'],라운드넥,루즈,,화이트,,,,,,,,,,,
751,918047,힙합,"하의, 상의",3,,,,,,,,,,니렝스,조거팬츠,"['스판덱스', '우븐']",['그래픽'],루즈,네이비,노멀,화이트,티셔츠,,캡,['우븐'],['무지'],라운드넥,루즈,,화이트,,,,,,,,,,,
752,918141,힙합,"하의, 상의",3,,,,,,,,,,발목,조거팬츠,"['스판덱스', '우븐']",['그래픽'],루즈,블랙,롱,화이트,티셔츠,,반팔,['우븐'],"['무지', '레터링']",라운드넥,오버사이즈,,화이트,블랙,,,,,,,,,,
753,918142,힙합,"하의, 상의",3,,,,,,,,,,발목,조거팬츠,"['스판덱스', '우븐']",['그래픽'],루즈,블랙,롱,화이트,티셔츠,,반팔,['우븐'],"['무지', '레터링']",라운드넥,오버사이즈,,화이트,블랙,,,,,,,,,,
754,918143,힙합,"하의, 상의",3,,,,,,,,,,발목,조거팬츠,"['스판덱스', '우븐']",['그래픽'],루즈,블랙,롱,화이트,티셔츠,,반팔,['우븐'],"['무지', '레터링']",라운드넥,오버사이즈,,화이트,블랙,,,,,,,,,,
755,918146,힙합,"하의, 상의",3,,,,,,,,,,발목,조거팬츠,"['스판덱스', '우븐']",['그래픽'],루즈,블랙,롱,블랙,티셔츠,,반팔,['우븐'],"['무지', '레터링']",라운드넥,오버사이즈,,화이트,화이트,,,,,,,,,,
756,918147,힙합,"하의, 상의",3,,,,,,,,,,발목,조거팬츠,"['스판덱스', '우븐']",['그래픽'],루즈,블랙,롱,화이트,티셔츠,,반팔,['우븐'],"['무지', '레터링']",라운드넥,오버사이즈,,화이트,블랙,,,,,,,,,,
757,918148,힙합,"하의, 상의",3,,,,,,,,,,발목,조거팬츠,"['스판덱스', '우븐']",['그래픽'],루즈,블랙,롱,화이트,티셔츠,,반팔,['우븐'],"['무지', '레터링']",라운드넥,오버사이즈,,화이트,블랙,,,,,,,,,,
758,918150,힙합,"하의, 상의",3,,,,,,,,,,발목,조거팬츠,"['스판덱스', '우븐']",['그래픽'],루즈,블랙,롱,화이트,티셔츠,,반팔,['우븐'],"['무지', '레터링']",라운드넥,오버사이즈,,화이트,블랙,,,,,,,,,,
759,918151,힙합,"하의, 상의",3,,,,,,,,,,발목,조거팬츠,"['스판덱스', '우븐']",['그래픽'],루즈,블랙,롱,화이트,티셔츠,,반팔,['우븐'],"['무지', '레터링']",라운드넥,오버사이즈,,화이트,블랙,,,,,,,,,,
760,918152,힙합,"하의, 상의",3,,,,,,,,,,발목,조거팬츠,"['스판덱스', '우븐']",['그래픽'],루즈,블랙,롱,,티셔츠,,,['우븐'],"['무지', '레터링']",라운드넥,오버사이즈,,화이트,,,,,,,,,,,
761,918153,힙합,"하의, 상의",3,,,,,,,,,,발목,조거팬츠,"['스판덱스', '우븐']",['그래픽'],루즈,블랙,롱,화이트,티셔츠,,반팔,['우븐'],"['무지', '레터링']",라운드넥,오버사이즈,,화이트,,,,,,,,,,,
762,994938,힙합,"하의, 상의",3,,,,,,,,,,발목,팬츠,['우븐'],['무지'],스키니,블랙,노멀,화이트,티셔츠,,7부소매,['우븐'],"['레터링', '무지']",라운드넥,루즈,"['디스트로이드', '단추']",,레드,,,,,,,,,,
763,994939,힙합,"하의, 상의",3,,,,,,,,,,발목,팬츠,['우븐'],['무지'],스키니,블랙,노멀,화이트,티셔츠,,7부소매,['우븐'],"['레터링', '무지']",라운드넥,루즈,"['디스트로이드', '단추']",,레드,,,,,,,,,,
764,994941,힙합,"하의, 상의",3,,,,,,,,,,발목,팬츠,['우븐'],['무지'],스키니,블랙,노멀,화이트,티셔츠,,반팔,['우븐'],"['레터링', '무지']",라운드넥,루즈,"['디스트로이드', '단추']",,레드,,,,,,,,,,
765,994942,힙합,"하의, 상의",3,,,,,,,,,,발목,팬츠,['우븐'],['무지'],스키니,블랙,노멀,화이트,티셔츠,,7부소매,['우븐'],['무지'],라운드넥,루즈,"['디스트로이드', '단추']",,레드,,,,,,,,,,
766,994943,힙합,"하의, 상의",3,,,,,,,,,,발목,팬츠,['우븐'],['무지'],스키니,블랙,노멀,화이트,티셔츠,,7부소매,['우븐'],['무지'],라운드넥,루즈,"['디스트로이드', '단추']",,레드,,,,,,,,,,
767,994944,힙합,"하의, 상의",3,,,,,,,,,,발목,팬츠,['우븐'],['무지'],스키니,블랙,노멀,화이트,티셔츠,,7부소매,['우븐'],"['레터링', '무지']",라운드넥,루즈,"['디스트로이드', '단추']",,레드,,,,,,,,,,
768,994945,힙합,"하의, 상의",3,,,,,,,,,,발목,팬츠,['우븐'],['무지'],스키니,블랙,노멀,화이트,티셔츠,,7부소매,['우븐'],"['레터링', '무지']",라운드넥,루즈,"['디스트로이드', '단추']",,레드,,,,,,,,,,
769,994949,힙합,"하의, 상의",3,,,,,,,,,,발목,팬츠,['우븐'],['무지'],스키니,블랙,노멀,화이트,티셔츠,,반팔,['우븐'],"['레터링', '무지']",라운드넥,루즈,"['디스트로이드', '단추']",,레드,,,,,,,,,,
770,994950,힙합,"하의, 상의",3,,,,,,,,,,발목,팬츠,['우븐'],['무지'],스키니,블랙,노멀,화이트,티셔츠,,반팔,['우븐'],"['레터링', '무지']",라운드넥,루즈,"['디스트로이드', '단추']",,레드,,,,,,,,,,
771,994951,힙합,"하의, 상의",3,,,,,,,,,,발목,팬츠,['우븐'],['무지'],스키니,블랙,노멀,화이트,티셔츠,,반팔,['우븐'],"['레터링', '무지']",라운드넥,루즈,"['디스트로이드', '단추']",,레드,,,,,,,,,,
772,994952,힙합,"하의, 상의",3,,,,,,,,,,발목,팬츠,['우븐'],['무지'],스키니,블랙,노멀,화이트,티셔츠,,7부소매,['우븐'],"['레터링', '무지']",,루즈,['디스트로이드'],,레드,,,,,,,,,,
773,994953,힙합,"하의, 상의",3,,,,,,,,,,발목,팬츠,['우븐'],['무지'],스키니,블랙,노멀,화이트,티셔츠,,7부소매,['우븐'],"['레터링', '무지']",라운드넥,루즈,"['디스트로이드', '단추']",,레드,,,,,,,,,,
774,994954,힙합,"하의, 상의",3,,,,,,,,,,발목,팬츠,['우븐'],['무지'],스키니,블랙,노멀,화이트,티셔츠,,7부소매,['우븐'],"['레터링', '무지']",라운드넥,루즈,"['디스트로이드', '단추']",,레드,,,,,,,,,,
775,994955,힙합,"하의, 상의",3,,,,,,,,,,발목,팬츠,['우븐'],['무지'],스키니,블랙,노멀,화이트,티셔츠,,7부소매,['우븐'],"['레터링', '무지']",라운드넥,루즈,"['디스트로이드', '단추']",,레드,,,,,,,,,,
776,994958,힙합,"하의, 상의",3,,,,,,,,,,발목,팬츠,['우븐'],['무지'],스키니,블랙,노멀,화이트,티셔츠,,7부소매,['우븐'],"['레터링', '무지']",라운드넥,루즈,"['디스트로이드', '단추']",,레드,,,,,,,,,,
777,994959,힙합,"하의, 상의",3,,,,,,,,,,발목,팬츠,['우븐'],['무지'],스키니,블랙,노멀,화이트,티셔츠,,7부소매,['우븐'],"['레터링', '무지']",라운드넥,루즈,"['디스트로이드', '단추']",,레드,,,,,,,,,,
778,994960,힙합,"하의, 상의",3,,,,,,,,,,발목,팬츠,['우븐'],['무지'],스키니,블랙,노멀,화이트,티셔츠,,7부소매,['우븐'],"['레터링', '무지']",라운드넥,루즈,"['디스트로이드', '단추']",,레드,,,,,,,,,,
779,994961,힙합,"하의, 상의",3,,,,,,,,,,발목,팬츠,['우븐'],['무지'],스키니,블랙,노멀,화이트,티셔츠,,7부소매,['우븐'],"['레터링', '무지']",라운드넥,루즈,"['디스트로이드', '단추']",,레드,,,,,,,,,,
780,994962,힙합,"하의, 상의",3,,,,,,,,,,발목,팬츠,['우븐'],['무지'],스키니,블랙,노멀,화이트,티셔츠,,7부소매,['우븐'],"['레터링', '무지']",라운드넥,루즈,"['디스트로이드', '단추']",,레드,,,,,,,,,,
